Date,AAPL,AMZN,CVX,GOOGL,JNJ,MSFT,NFLX,PFE,UNH,XOM
2019-01-02,37.46920394897461,76.95649719238281,79.87266540527344,52.2705078125,103.7909927368164,94.19316101074219,26.766000747680664,28.323177337646484,214.2296142578125,49.66474914550781
2019-01-03,33.73699188232422,75.01399993896484,78.3429183959961,50.82284164428711,102.14169311523438,90.72795104980469,27.1200008392334,27.53078842163086,208.3875274658203,48.90220260620117
2019-01-04,35.17721176147461,78.76950073242188,79.96647644042969,53.42973709106445,103.85598754882812,94.94764709472656,29.756999969482422,28.15945053100586,210.8246307373047,50.70521926879883
2019-01-07,35.098907470703125,81.47550201416016,81.00556945800781,53.323177337646484,103.18977355957031,95.0687484741211,31.534000396728516,28.31007194519043,211.22938537597656,50.96889877319336
2019-01-08,35.76799774169922,82.8290023803711,80.65198516845703,53.79151916503906,105.58651733398438,95.75806427001953,32.027000427246094,28.441043853759766,214.0536346435547,51.3394775390625
2019-01-09,36.375404357910156,82.97100067138672,81.73439025878906,53.607154846191406,104.74964904785156,97.12738037109375,31.996000289916992,28.38210678100586,214.36158752441406,51.610286712646484
2019-01-10,36.49166488647461,82.81099700927734,81.8642578125,53.4673957824707,105.3833999633789,96.50325775146484,32.465999603271484,27.70758819580078,215.4437713623047,51.346595764160156
2019-01-11,36.133392333984375,82.02799987792969,81.2076187133789,52.755706787109375,105.41588592529297,95.75806427001953,33.75899887084961,28.080869674682617,217.9072723388672,51.111427307128906
2019-01-14,35.59005355834961,80.8604965209961,80.61590576171875,52.1134033203125,104.22156524658203,95.05941009521484,33.29399871826172,27.74688148498535,218.25045776367188,51.04728698730469
2019-01-15,36.31846237182617,83.72799682617188,80.90454864501953,53.8480224609375,105.09903717041016,97.81668853759766,35.4640007019043,27.982637405395508,226.00169372558594,51.0757942199707
2019-01-16,36.762149810791016,84.18900299072266,80.38499450683594,53.9966926574707,104.0265884399414,98.16133117675781,35.138999938964844,27.57660675048828,230.0401153564453,51.05440902709961
2019-01-17,36.980438232421875,84.66100311279297,80.7890853881836,54.47297668457031,104.8796615600586,98.85065460205078,35.319000244140625,27.8123779296875,228.55320739746094,51.40361404418945
2019-01-18,37.20820236206055,84.80999755859375,82.52811431884766,54.87837600708008,106.17960357666016,100.33171844482422,33.90999984741211,27.851669311523438,233.5946502685547,52.01649475097656
2019-01-22,36.3730354309082,81.6084976196289,81.06329345703125,53.457481384277344,104.6440658569336,98.44078826904297,32.51599884033203,27.681396484375,233.76181030273438,51.23257827758789
2019-01-23,36.520137786865234,82.0009994506836,80.37782287597656,53.74393844604492,104.6440658569336,99.40019989013672,32.19900131225586,27.60936164855957,234.9320068359375,50.81210708618164
2019-01-24,36.230674743652344,82.74649810791016,81.90754699707031,53.7236213684082,103.2060317993164,98.92515563964844,32.66699981689453,26.816970825195312,234.14891052246094,50.88338088989258
2019-01-25,37.43123245239258,83.52850341796875,81.69829559326172,54.5914306640625,104.18096160888672,99.8287124633789,33.80500030517578,26.613956451416016,235.8382110595703,51.111427307128906
2019-01-28,37.084835052490234,81.89450073242188,80.94062042236328,53.51844024658203,104.7984390258789,97.88187408447266,33.566001892089844,25.887056350708008,234.7119903564453,50.76934814453125
2019-01-29,36.70044708251953,79.69400024414062,80.69528198242188,53.03274917602539,105.88711547851562,95.88845825195312,32.88999938964844,26.6990909576416,235.2135009765625,50.96177291870117
2019-01-30,39.208370208740234,83.52149963378906,81.5467529296875,54.41697692871094,106.95145416259766,99.09280395507812,34.066001892089844,27.22953224182129,237.87939453125,51.517635345458984
2019-01-31,39.4907341003418,85.9365005493164,82.73017120361328,55.799713134765625,108.12137603759766,97.27639770507812,33.95000076293945,28.04206085205078,237.7298583984375,52.22314453125
2019-02-01,39.50969696044922,81.3115005493164,85.41445922851562,55.43941116333008,109.03131103515625,95.73943328857422,33.98500061035156,28.326120376586914,236.4276885986328,54.10456085205078
2019-02-04,40.63196563720703,81.66549682617188,86.40306091308594,56.56938552856445,107.95887756347656,98.49665832519531,35.13399887084961,28.035463333129883,235.97903442382812,53.32064437866211
2019-02-05,41.3271598815918,82.94049835205078,86.21546173095703,57.08728790283203,107.95887756347656,99.87528228759766,35.58100128173828,27.817461013793945,234.3072967529297,53.869384765625
2019-02-06,41.34140396118164,82.01300048828125,85.78248596191406,55.65102767944336,108.05635833740234,98.76676940917969,35.21900177001953,27.962791442871094,237.1139678955078,53.634212493896484
2019-02-07,40.55841827392578,80.71849822998047,85.31346130371094,54.80949020385742,107.28450775146484,98.058837890625,34.47100067138672,27.5466251373291,236.67401123046875,53.22087860107422
2019-02-08,40.606082916259766,79.41100311279297,84.84442901611328,54.634544372558594,107.56889343261719,98.4314193725586,34.75699996948242,27.89673614501953,230.42721557617188,53.30734634399414
2019-02-11,40.372554779052734,79.55000305175781,84.38983154296875,54.62165832519531,107.24391174316406,98.04024505615234,34.573001861572266,27.533414840698242,226.23922729492188,53.393798828125
2019-02-12,40.720462799072266,81.90049743652344,85.66703796386719,55.88346862792969,108.99880981445312,99.56785583496094,35.99700164794922,27.65892219543457,231.83497619628906,54.33054733276367
2019-02-13,40.551273345947266,82.0,86.28038787841797,55.935508728027344,109.23442840576172,99.49337768554688,35.176998138427734,27.5466251373291,232.09889221191406,54.94303512573242
2019-02-14,40.69900894165039,81.13249969482422,86.12003326416016,55.963748931884766,109.12068176269531,99.57720184326172,35.90700149536133,27.724985122680664,233.445068359375,54.95743942260742
2019-02-15,40.60845184326172,80.39749908447266,86.98735046386719,55.48945999145508,110.80248260498047,100.80677795410156,35.6870002746582,28.00904083251953,238.54806518554688,55.99505615234375
2019-02-19,40.729984283447266,81.37899780273438,86.95820617675781,55.8304328918457,110.24185180664062,100.76020812988281,36.19200134277344,28.141151428222656,237.91461181640625,56.36975860595703
2019-02-20,40.99209213256836,81.1050033569336,87.6651611328125,55.53704071044922,110.7780990600586,100.236328125,35.99100112915039,27.876909255981445,237.1227264404297,56.58591842651367
2019-02-21,40.760955810546875,80.97200012207031,86.83430480957031,54.72523880004883,110.02252960205078,102.35054016113281,35.696998596191406,27.8372802734375,234.386474609375,56.07431411743164
2019-02-22,41.216087341308594,81.5780029296875,87.01652526855469,55.337310791015625,110.981201171875,103.80986022949219,36.301998138427734,28.37896728515625,235.01116943359375,56.50666427612305
2019-02-25,41.516334533691406,81.6500015258789,87.18414306640625,55.37547302246094,111.39008331298828,104.38985443115234,36.39099884033203,28.45823097229004,232.80279541015625,56.56430435180664
2019-02-26,41.5401496887207,81.81999969482422,87.41737365722656,55.607418060302734,111.31649780273438,105.11016082763672,36.49700164794922,28.418603897094727,231.37750244140625,56.67958450317383
2019-02-27,41.668819427490234,82.05449676513672,87.51940155029297,55.65102767944336,111.12022399902344,104.93242645263672,36.2869987487793,28.35914421081543,220.02767944335938,57.26327133178711
2019-02-28,41.25897216796875,81.99150085449219,87.15499877929688,55.832420349121094,111.74996948242188,104.80146789550781,35.810001373291016,28.636592864990234,213.1121826171875,56.94620132446289
2019-03-01,41.69264602661133,83.58650207519531,88.94064331054688,56.921260833740234,113.14851379394531,105.26919555664062,35.731998443603516,28.643198013305664,216.5699005126953,57.6451416015625
2019-03-04,41.90235900878906,84.80850219726562,89.00626373291016,57.16411590576172,113.25479125976562,105.01660919189453,35.104000091552734,28.451627731323242,207.65733337402344,57.86852264404297
2019-03-05,41.82609939575195,84.62149810791016,89.85900115966797,57.94568634033203,113.49198150634766,104.49274444580078,35.43000030517578,28.33272361755371,212.4171600341797,57.78204345703125
2019-03-06,41.58542251586914,83.44750213623047,90.033935546875,57.735050201416016,113.75367736816406,104.5395278930664,35.96099853515625,27.652320861816406,210.34072875976562,57.12633514404297
2019-03-07,41.104087829589844,81.29750061035156,88.87504577636719,57.0367431640625,113.05852508544922,103.26728820800781,35.2599983215332,27.341833114624023,208.25558471679688,57.76043701171875
2019-03-08,41.201786041259766,81.04000091552734,88.64183807373047,56.993125915527344,112.91132354736328,103.3795394897461,34.959999084472656,27.011547088623047,209.57154846191406,56.931793212890625
2019-03-11,42.629112243652344,83.53099822998047,90.09951782226562,58.444759368896484,113.3202133178711,105.54983520507812,35.88600158691406,27.414506912231445,214.74696350097656,57.48661422729492
2019-03-12,43.108062744140625,83.65499877929688,90.30359649658203,59.33634948730469,113.8272933959961,106.28887939453125,35.62699890136719,27.56643295288086,217.1580810546875,57.6451416015625
2019-03-13,43.29869842529297,84.54049682617188,90.86479187011719,59.426055908203125,114.01538848876953,107.11209106445312,36.12099838256836,27.75140953063965,222.78392028808594,58.15674591064453
2019-03-14,43.780025482177734,84.31099700927734,90.81380462646484,59.1024284362793,112.87861633300781,107.1962890625,35.88199996948242,27.20972442626953,223.68482971191406,57.962188720703125
2019-03-15,44.349525451660156,85.61799621582031,91.33126068115234,58.99190139770508,112.53509521484375,108.43110656738281,36.145999908447266,27.59946632385254,222.03329467773438,57.75322341918945
2019-03-18,44.80227279663086,87.10749816894531,91.74671173095703,58.905174255371094,112.18341827392578,109.98399353027344,36.34400177001953,27.619287490844727,225.2127227783203,58.423362731933594
2019-03-19,44.44722366333008,88.09249877929688,91.30940246582031,59.594566345214844,113.22209167480469,110.05884552001953,35.87799835205078,27.942975997924805,227.09393310546875,58.27204132080078
2019-03-20,44.83562469482422,89.8635025024414,90.87935638427734,60.78252410888672,112.28157043457031,109.9372329711914,37.52199935913086,27.857101440429688,221.23843383789062,58.59629821777344
2019-03-21,46.4869384765625,90.96299743652344,91.73212432861328,61.26326370239258,112.94400787353516,112.46299743652344,37.7869987487793,27.976011276245117,222.58087158203125,58.93495178222656
2019-03-22,45.52426528930664,88.2385025024414,89.71321868896484,59.85177993774414,111.97080993652344,109.49755859375,36.10100173950195,27.645709991455078,218.22669982910156,57.99100112915039
2019-03-25,44.97382736206055,88.71299743652344,89.56746673583984,59.342796325683594,111.72540283203125,110.06819152832031,36.62300109863281,27.672136306762695,218.0236053466797,57.587501525878906
2019-03-26,44.50918197631836,89.18800354003906,90.4712142944336,58.9691047668457,113.32841491699219,110.30207061767578,35.99700164794922,28.022245407104492,214.95896911621094,58.33687973022461
2019-03-27,44.90949630737305,88.28500366210938,89.49458312988281,58.38280487060547,113.43468475341797,109.23561096191406,35.33700180053711,27.758007049560547,213.47518920898438,57.8901481628418
2019-03-28,44.969058990478516,88.6709976196289,89.6622085571289,58.098323822021484,113.58194732666016,109.38530731201172,35.46099853515625,27.936363220214844,213.93443298339844,58.178348541259766
2019-03-29,45.26215744018555,89.0374984741211,89.77882385253906,58.327301025390625,114.32615661621094,110.33013153076172,35.65599822998047,28.055273056030273,218.37692260742188,58.221614837646484
2019-04-01,45.569549560546875,90.70950317382812,91.06158447265625,59.42209243774414,113.66370391845703,111.34044647216797,36.69599914550781,28.29969596862793,216.85781860351562,58.891727447509766
2019-04-02,46.23197937011719,90.6989974975586,91.0542984008789,59.74720764160156,112.62506103515625,111.49949645996094,36.77199935913086,28.34593391418457,215.8598175048828,58.63951873779297
2019-04-03,46.54890441894531,91.03500366210938,90.29630279541016,60.008392333984375,112.18341827392578,112.22915649414062,36.974998474121094,28.29969596862793,217.122802734375,58.29365158081055
2019-04-04,46.629920959472656,90.94300079345703,90.95956420898438,60.43659210205078,110.87490844726562,111.65851593017578,36.78799819946289,28.233638763427734,218.49169921875,59.12229919433594
2019-04-05,46.94205856323242,91.86399841308594,92.14026641845703,60.04011154174805,111.3737564086914,112.154296875,36.54899978637695,28.398775100708008,219.71929931640625,59.43934631347656
2019-04-08,47.680747985839844,92.49299621582031,92.32977294921875,59.882999420166016,111.3410415649414,112.19175720214844,36.14099884033203,28.49787139892578,219.6928253173828,59.80684280395508
2019-04-09,47.53778839111328,91.79199981689453,91.49889373779297,59.605960845947266,110.87490844726562,111.58365631103516,36.47100067138672,28.29969596862793,219.7281494140625,59.035823822021484
2019-04-10,47.804649353027344,92.36650085449219,91.46246337890625,59.79230880737305,110.88304901123047,112.4349594116211,36.391998291015625,28.227031707763672,217.29054260253906,58.769229888916016
2019-04-11,47.406715393066406,92.20349884033203,91.82685852050781,59.94792938232422,110.5804672241211,112.56592559814453,36.76499938964844,27.92314910888672,207.91993713378906,59.050235748291016
2019-04-12,47.387657165527344,92.15299987792969,87.28617858886719,60.599159240722656,111.21019744873047,113.14591979980469,35.11399841308594,27.553232192993164,197.14503479003906,58.30804443359375
2019-04-15,47.47344207763672,92.24349975585938,87.56316375732422,60.78748321533203,111.65181732177734,113.23945617675781,34.887001037597656,27.804248809814453,203.3096923828125,58.11350631713867
2019-04-16,47.47819900512695,93.1520004272461,88.3138656616211,61.054115295410156,112.87861633300781,112.97753143310547,35.94599914550781,27.0313663482666,195.1490478515625,58.50979995727539
2019-04-17,48.40275192260742,93.24099731445312,87.65787506103516,61.462005615234375,113.28752136230469,113.91300201416016,35.4739990234375,26.344341278076172,191.5103302001953,58.67555236816406
2019-04-18,48.576698303222656,93.08450317382812,87.35907745361328,61.52791976928711,112.46967315673828,115.40977478027344,36.03499984741211,26.01405143737793,195.84677124023438,58.45936965942383
2019-04-22,48.7363395690918,94.3655014038086,88.8459243774414,62.137020111083984,112.72319793701172,115.77460479736328,37.73400115966797,25.749814987182617,200.5806427001953,59.73478698730469
2019-04-23,49.43927764892578,96.1884994506836,88.93338012695312,62.97112274169922,114.41613006591797,117.34620666503906,38.18899917602539,26.04047203063965,203.64535522460938,60.080657958984375
2019-04-24,49.363037109375,95.0875015258789,86.20750427246094,62.44874954223633,113.84365844726562,116.94396209716797,37.42300033569336,26.0074405670166,203.44219970703125,58.9133415222168
2019-04-25,48.915061950683594,95.11250305175781,85.9305191040039,62.81005096435547,114.21168518066406,120.81681823730469,36.83300018310547,26.165992736816406,203.83078002929688,59.24479293823242
2019-04-26,48.681541442871094,97.53150177001953,85.34747314453125,63.30961990356445,114.81688690185547,121.50904846191406,37.48500061035156,26.403789520263672,209.31539916992188,57.99821090698242
2019-04-29,48.75541305541992,96.92150115966797,85.7993392944336,64.24036407470703,114.36708068847656,121.39682006835938,37.18299865722656,26.152774810791016,209.71282958984375,57.623538970947266
2019-04-30,47.816566467285156,96.32599639892578,87.5048599243164,59.42110061645508,115.47930908203125,122.17324829101562,37.05400085449219,26.826581954956055,205.84445190429688,57.84690856933594
2019-05-01,50.16367721557617,95.57599639892578,85.86493682861328,58.15037155151367,116.09270477294922,119.62875366210938,37.88100051879883,26.93226432800293,204.8553009033203,56.68679428100586
2019-05-02,49.837215423583984,95.04100036621094,84.82270812988281,57.81285858154297,115.54472351074219,118.06651306152344,37.90599822998047,27.090810775756836,205.29689025878906,55.69239807128906
2019-05-03,50.45676040649414,98.12300109863281,85.47137451171875,58.95473861694336,116.14178466796875,120.58295440673828,38.50299835205078,27.341833114624023,204.8553009033203,55.82210922241211
2019-05-06,49.67757034301758,97.52749633789062,86.29496002197266,59.14852523803711,116.20721435546875,119.88134765625,37.867000579833984,27.513587951660156,212.406494140625,55.577125549316406
2019-05-07,48.338409423828125,96.05000305175781,86.20022583007812,58.4249382019043,114.47338104248047,117.42105865478516,37.04600143432617,26.971906661987305,210.2427215576172,55.281700134277344
2019-05-08,48.34794998168945,95.88849639892578,85.63900756835938,58.02448654174805,114.32615661621094,117.41167449951172,36.4370002746582,27.051177978515625,211.21420288085938,55.36817169189453
2019-05-09,47.828487396240234,94.99349975585938,88.32842254638672,57.88521957397461,113.4592514038086,117.40235137939453,36.275001525878906,27.084501266479492,210.17208862304688,55.31773376464844
2019-05-10,47.165897369384766,94.4990005493164,88.9114990234375,57.86886978149414,113.72098541259766,118.92715454101562,36.104000091552734,27.137821197509766,212.48597717285156,55.79873275756836
2019-05-13,44.42463302612305,91.13400268554688,87.78179168701172,56.33000183105469,112.20795440673828,115.39107513427734,34.5260009765625,27.0378475189209,211.56748962402344,55.17923355102539
2019-05-14,45.12790298461914,92.00599670410156,88.65641021728516,55.748661041259766,111.89718627929688,116.68199157714844,34.56100082397461,27.097829818725586,208.8119354248047,55.25212478637695
2019-05-15,45.66848373413086,93.55750274658203,89.02081298828125,58.025474548339844,111.97080993652344,118.32516479492188,35.499000549316406,27.42439079284668,208.50283813476562,55.660282135009766
2019-05-16,45.46756362915039,95.37850189208984,88.91044616699219,58.70446014404297,113.03400421142578,121.05746459960938,35.930999755859375,27.75094985961914,209.1299285888672,55.65296936035156
2019-05-17,45.209224700927734,93.44999694824219,88.704345703125,57.92536163330078,113.36112213134766,120.25,35.44499969482422,27.637653350830078,213.18374633789062,55.325016021728516
2019-05-20,43.7955322265625,92.94850158691406,88.93986511230469,56.72996520996094,113.20572662353516,118.512939453125,34.81100082397461,27.717620849609375,217.2552032470703,55.317726135253906
2019-05-21,44.63513946533203,92.8759994506836,89.3078842163086,57.21466827392578,112.96038055419922,119.15142059326172,35.426998138427734,27.770944595336914,220.7438201904297,55.57281494140625
2019-05-22,43.72137451171875,92.98400115966797,88.74114990234375,57.284549713134766,113.48379516601562,119.8744125366211,35.972999572753906,27.984210968017578,220.2139129638672,55.06993103027344
2019-05-23,42.975067138671875,90.77400207519531,86.75392150878906,56.76366424560547,114.32615661621094,118.47538757324219,35.22100067138672,27.937551498413086,217.7056427001953,53.779903411865234
2019-05-24,42.810028076171875,91.16400146484375,87.37216186523438,56.430118560791016,114.33441162109375,118.53170013427734,35.43899917602539,27.95754623413086,218.7036590576172,54.005828857421875
2019-05-28,42.633018493652344,91.82150268554688,87.0777587890625,56.477203369140625,112.86868286132812,118.45661926269531,35.50600051879883,27.924226760864258,213.78433227539062,52.919891357421875
2019-05-29,42.42969512939453,90.95950317382812,85.94429016113281,55.50482940673828,108.14213562011719,117.31111907958984,34.91899871826172,27.804264068603516,214.0845947265625,52.59192657470703
2019-05-30,42.64975357055664,90.81600189208984,84.92122650146484,55.57768249511719,108.784423828125,118.05288696289062,35.185001373291016,27.924226760864258,215.05609130859375,52.45344924926758
2019-05-31,41.87712860107422,88.75350189208984,83.79512786865234,54.8387336730957,107.99391174316406,116.12804412841797,34.327999114990234,27.670978546142578,213.5546875,51.578857421875
2019-06-03,41.4537353515625,84.6344985961914,85.37019348144531,51.480506896972656,108.23271942138672,112.52251434326172,33.66299819946289,27.937551498413086,208.9268035888672,52.387847900390625
2019-06-04,42.97029495239258,86.47799682617188,86.33438110351562,52.261085510253906,110.11840057373047,115.63981628417969,35.34000015258789,28.14415740966797,212.63616943359375,53.6341438293457
2019-06-05,43.663970947265625,86.92500305175781,86.59199523925781,51.77291488647461,110.65365600585938,118.14677429199219,35.573001861572266,28.31077003479004,214.41139221191406,53.18955993652344
2019-06-06,44.30503845214844,87.71800231933594,88.82210540771484,51.92754364013672,112.54753875732422,120.01525115966797,35.7130012512207,28.464054107666016,213.57232666015625,54.15890121459961
2019-06-07,45.48429870605469,90.20149993896484,89.41091918945312,52.9489860534668,114.08738708496094,123.3766860961914,36.08700180053711,28.60399627685547,217.94415283203125,54.35567092895508
2019-06-10,46.0655632019043,93.03150177001953,90.0071029663086,53.66217041015625,114.47439575195312,124.50341796875,35.20100021362305,28.70397186279297,219.15408325195312,54.596195220947266
2019-06-11,46.59897994995117,93.18499755859375,89.18276977539062,53.5769157409668,115.10022735595703,124.03394317626953,35.12699890136719,28.437387466430664,217.14927673339844,54.54515075683594
2019-06-12,46.45067596435547,92.76599884033203,88.46147155761719,53.480770111083984,116.66473388671875,123.461181640625,34.555999755859375,28.710636138916016,215.93930053710938,53.9548225402832
2019-06-13,46.441104888916016,93.51499938964844,88.99139404296875,54.071041107177734,115.86600494384766,124.24051666259766,34.34299850463867,28.3241024017334,216.3455352783203,54.428558349609375
2019-06-14,46.10383987426758,93.4834976196289,88.91776275634766,53.83760452270508,115.35546112060547,124.36253356933594,33.972999572753906,28.49737548828125,217.66734313964844,54.188053131103516
2019-06-17,46.3789176940918,94.30149841308594,89.34468841552734,54.213768005371094,114.8202133178711,124.7381362915039,35.0620002746582,28.577350616455078,218.19960021972656,54.72737121582031
2019-06-18,47.469669342041016,95.06849670410156,90.47813415527344,54.77628707885742,115.47075653076172,126.90709686279297,35.71200180053711,28.70397186279297,217.9600067138672,55.20109939575195
2019-06-19,47.3309440612793,95.43949890136719,90.44869995117188,54.74010467529297,115.65189361572266,127.40469360351562,36.35200119018555,28.990543365478516,221.94314575195312,54.89500045776367
2019-06-20,47.71128463745117,95.90950012207031,91.4717788696289,55.1707878112793,117.10118865966797,128.5877685546875,36.520999908447266,29.05718994140625,219.78750610351562,55.8351936340332
2019-06-21,47.54861831665039,95.56500244140625,91.95016479492188,55.77394104003906,117.00232696533203,128.60650634765625,36.92100143432617,29.103845596313477,223.7971954345703,56.622314453125
2019-06-24,47.50077438354492,95.69499969482422,91.93543243408203,55.3442497253418,117.80107879638672,129.3670654296875,37.104000091552734,29.163816452026367,221.45523071289062,56.08298873901367
2019-06-25,46.780792236328125,93.91349792480469,91.00071716308594,53.90104675292969,118.77276611328125,125.28272247314453,36.029998779296875,29.163816452026367,219.6987762451172,55.58738708496094
2019-06-26,47.79259490966797,94.8915023803711,91.21416473388672,53.54123306274414,116.80474090576172,125.75220489501953,36.220001220703125,28.65065574645996,215.98184204101562,55.827884674072266
2019-06-27,47.77824783325195,95.21399688720703,90.61062622070312,53.35835647583008,115.84955596923828,125.95877838134766,37.00199890136719,28.94390106201172,218.52781677246094,55.25943374633789
2019-06-28,47.34290313720703,94.68150329589844,91.58950805664062,53.664146423339844,114.6884994506836,125.7803726196289,36.731998443603516,28.870586395263672,216.46084594726562,55.849761962890625
2019-07-01,48.21120834350586,96.1094970703125,91.88392639160156,54.51658630371094,114.75435638427734,127.39534759521484,37.459999084472656,29.170488357543945,215.24557495117188,55.79873275756836
2019-07-02,48.49346160888672,96.71549987792969,90.47813415527344,55.141056060791016,115.30606842041016,128.24034118652344,37.542999267578125,29.470394134521484,216.4253692626953,55.1865348815918
2019-07-03,48.895328521728516,96.94999694824219,90.78724670410156,55.65598678588867,117.0435562133789,129.06663513183594,38.172000885009766,29.59034538269043,217.52537536621094,55.71129608154297
2019-07-05,48.852272033691406,97.14550018310547,90.9271011352539,56.1357307434082,115.750732421875,128.69107055664062,38.05500030517578,29.27045249938965,219.1044158935547,55.4853515625
2019-07-08,47.84523391723633,97.61599731445312,90.97127532958984,55.34870910644531,116.08010864257812,128.59715270996094,37.61600112915039,28.85725975036621,219.8584747314453,55.74042892456055
2019-07-09,48.137054443359375,99.41500091552734,90.78724670410156,55.72041320800781,116.44242858886719,128.12771606445312,37.99300003051758,28.903902053833008,218.22618103027344,55.7039909362793
2019-07-10,48.613067626953125,100.87049865722656,92.32555389404297,56.54411697387695,116.2777099609375,129.4328155517578,38.099998474121094,29.36374855041504,219.53912353515625,56.49113082885742
2019-07-11,48.25904846191406,100.05349731445312,92.31817626953125,56.70121765136719,115.37190246582031,129.94918823242188,37.95000076293945,28.643991470336914,231.6746368408203,56.53485870361328
2019-07-12,48.629817962646484,100.55000305175781,92.72296905517578,56.76366424560547,110.58773803710938,130.418701171875,37.32500076293945,28.25745391845703,235.87945556640625,56.57859802246094
2019-07-15,49.08668899536133,101.04949951171875,92.53162384033203,57.019893646240234,110.92536163330078,130.418701171875,36.65999984741211,28.490703582763672,235.9326934814453,56.177730560302734
2019-07-16,48.91686248779297,100.49500274658203,91.82504272460938,57.16609191894531,109.10557556152344,128.70986938476562,36.5989990234375,28.557361602783203,234.77951049804688,55.339595794677734
2019-07-17,48.64176940917969,99.60150146484375,91.36870574951172,56.83304977416992,108.57858276367188,127.94931030273438,36.24399948120117,28.48404312133789,236.5447998046875,55.01161575317383
2019-07-18,49.1943359375,98.8949966430664,91.76615142822266,56.857826232910156,108.75153350830078,128.0901641845703,32.520999908447266,28.697315216064453,231.1778106689453,54.54515075683594
2019-07-19,48.45998001098633,98.22599792480469,92.03113555908203,56.08021926879883,107.30223846435547,128.2779541015625,31.510000228881836,28.504037857055664,227.6737823486328,54.65447998046875
2019-07-22,49.56748580932617,99.28150177001953,92.2298583984375,56.45985412597656,105.92710876464844,129.97740173339844,31.062000274658203,28.53736114501953,226.49398803710938,54.712791442871094
2019-07-23,49.95500183105469,99.72450256347656,92.60521697998047,56.89797592163086,106.09178161621094,130.7848663330078,30.729999542236328,28.71731185913086,226.21893310546875,54.93144989013672
2019-07-24,49.914329528808594,100.04049682617188,93.13516235351562,56.48563003540039,106.8658218383789,132.12757873535156,31.79400062561035,28.58400535583496,222.77703857421875,54.92416000366211
2019-07-25,49.51964569091797,98.69100189208984,92.46537780761719,56.297794342041016,107.96922302246094,131.62994384765625,32.645999908447266,28.437387466430664,220.6213836669922,54.61076354980469
2019-07-26,49.69186019897461,97.15249633789062,91.05960845947266,61.713775634765625,107.6480712890625,132.70973205566406,33.577999114990234,28.71731185913086,224.38265991210938,54.5233039855957
2019-07-29,50.15591812133789,95.62249755859375,91.43497467041016,61.54625701904297,109.53377532958984,132.41867065429688,33.27000045776367,27.62432861328125,225.16331481933594,54.90959167480469
2019-07-30,49.940635681152344,94.92649841308594,91.51590728759766,60.86034393310547,108.75972747802734,131.78021240234375,32.59299850463867,25.8515682220459,226.1480255126953,54.91686248779297
2019-07-31,50.95964431762695,93.33899688720703,90.61062622070312,60.37464141845703,107.22814178466797,127.94931030273438,32.29899978637695,25.88489532470703,220.8963623046875,54.19533920288086
2019-08-01,49.85691452026367,92.76599884033203,88.86625671386719,60.05646514892578,107.28577423095703,129.62998962402344,31.950000762939453,25.730175018310547,221.1092987060547,52.810569763183594
2019-08-02,48.802040100097656,91.16200256347656,88.8589096069336,59.29026412963867,107.9280776977539,128.54080200195312,31.882999420166016,25.56200408935547,221.81895446777344,52.29310989379883
2019-08-05,46.24735641479492,88.25650024414062,87.39424133300781,57.23002624511719,107.17872619628906,124.13719177246094,30.76300048828125,24.86241340637207,217.39236450195312,51.22173309326172
2019-08-06,47.12284851074219,89.3915023803711,87.86528015136719,58.03935241699219,107.68101501464844,126.46580505371094,31.010000228881836,24.855684280395508,220.248779296875,51.71732711791992
2019-08-07,47.61082077026367,89.66999816894531,87.65921020507812,58.27873611450195,107.21992492675781,127.01971435546875,30.429000854492188,24.60679054260254,218.62542724609375,51.3820686340332
2019-08-08,48.660911560058594,91.64450073242188,90.69894409179688,59.7794303894043,108.43032836914062,130.40933227539062,31.59000015258789,24.801870346069336,219.66329956054688,52.75226593017578
2019-08-09,48.25992202758789,90.37899780273438,90.10275268554688,58.92251205444336,108.72679138183594,129.30136108398438,30.89299964904785,24.45207405090332,220.5592803955078,51.629878997802734
2019-08-12,48.13745880126953,89.24600219726562,89.46244049072266,58.2088508605957,108.63621520996094,127.49861907958984,31.08300018310547,23.806297302246094,215.7423095703125,51.378997802734375
2019-08-13,50.176002502441406,91.21700286865234,90.08069610595703,59.31058120727539,109.86314392089844,130.1370391845703,31.22800064086914,23.678485870361328,221.0826873779297,52.01357650756836
2019-08-14,48.68251419067383,88.14800262451172,86.65823364257812,57.70085144042969,107.26106262207031,126.21800994873047,29.910999298095703,23.0327091217041,215.7423095703125,49.91797637939453
2019-08-15,48.44001388549805,88.80599975585938,86.07676696777344,57.95212936401367,107.49163818359375,125.93543243408203,29.576000213623047,23.19415855407715,216.6737823486328,49.62282180786133
2019-08-16,49.58292770385742,89.62850189208984,86.11396789550781,58.44227600097656,108.1668472290039,128.24346923828125,30.280000686645508,23.30851173400879,217.95123291015625,50.39760208129883
2019-08-19,50.507362365722656,90.80599975585938,87.22933959960938,59.49445343017578,108.89970397949219,130.39141845703125,30.937999725341797,23.665035247802734,217.08184814453125,51.24617004394531
2019-08-20,50.50975799560547,90.06900024414062,86.3519058227539,58.656375885009766,107.54104614257812,129.30799865722656,29.89900016784668,23.281597137451172,213.04556274414062,50.93626022338867
2019-08-21,51.05721664428711,91.177001953125,87.65316009521484,59.05533981323242,108.30684661865234,130.7493438720703,29.7810001373291,23.456501007080078,213.21414184570312,51.44540023803711
2019-08-22,51.01399612426758,90.23300170898438,87.54163360595703,59.0523681640625,108.0927734375,129.79788208007812,29.69300079345703,23.597766876220703,206.64068603515625,51.33472442626953
2019-08-23,48.656105041503906,87.48100280761719,85.64549255371094,57.17204284667969,105.17778015136719,125.66221618652344,29.143999099731445,23.099979400634766,204.6181182861328,49.7999153137207
2019-08-26,49.58053207397461,88.44349670410156,86.0619125366211,58.04430389404297,106.02400207519531,127.60286712646484,29.49799919128418,23.436317443847656,204.99070739746094,50.0655517578125
2019-08-27,49.02107238769531,88.09149932861328,86.12882995605469,58.02647018432617,107.55044555664062,127.87608337402344,29.10300064086914,23.099979400634766,197.76087951660156,49.57855224609375
2019-08-28,49.35002136230469,88.2125015258789,86.8724136352539,58.17167663574219,106.7540283203125,127.70650482177734,29.177000045776367,23.597766876220703,201.68185424804688,49.940120697021484
2019-08-29,50.185611724853516,89.31999969482422,87.3854751586914,59.18717956542969,106.38899993896484,130.11817932128906,29.67799949645996,23.76593589782715,204.58265686035156,50.4935188293457
2019-08-30,50.12078094482422,88.81449890136719,87.53418731689453,59.0033073425293,106.48856353759766,129.87327575683594,29.375,23.913928985595703,207.58103942871094,50.530418395996094
2019-09-03,49.39084243774414,89.49199676513672,86.45600891113281,57.963523864746094,106.8038101196289,128.1586456298828,28.929000854492188,24.297359466552734,204.58265686035156,50.589447021484375
2019-09-04,50.22883605957031,90.03099822998047,87.18470001220703,58.59393310546875,106.90335083007812,129.65655517578125,29.152000427246094,24.102279663085938,201.13182067871094,51.128108978271484
2019-09-05,51.21088409423828,92.03600311279297,87.47468566894531,60.07678985595703,106.67108154296875,131.93637084960938,29.325000762939453,24.445344924926758,203.6688995361328,51.851226806640625
2019-09-06,51.206085205078125,91.67549896240234,87.93575286865234,59.785865783691406,106.36410522460938,131.0413818359375,29.017000198364258,24.552974700927734,203.14549255371094,52.338253021240234
2019-09-09,51.424583435058594,91.56749725341797,88.77597045898438,59.733829498291016,105.31879425048828,129.55291748046875,29.43400001525879,24.77495574951172,204.63583374023438,52.751461029052734
2019-09-10,52.03206253051758,91.02749633789062,90.60517883300781,59.7551383972168,107.47578430175781,128.19639587402344,28.798999786376953,25.144939422607422,206.21485900878906,53.179439544677734
2019-09-11,53.68644332885742,91.14949798583984,90.18132019042969,60.46385192871094,108.81973266601562,128.23402404785156,28.82699966430664,25.165119171142578,207.76734924316406,53.076141357421875
2019-09-12,53.566368103027344,92.17749786376953,90.28543853759766,61.20576858520508,108.2058334350586,129.55291748046875,28.88599967956543,25.07767105102539,204.121337890625,53.1130256652832
2019-09-13,52.524295806884766,91.96700286865234,90.34493255615234,61.45655059814453,108.49622344970703,129.36451721191406,29.415000915527344,24.82877540588379,208.2123260498047,53.60001754760742
2019-09-16,52.80042266845703,90.39199829101562,92.29308319091797,61.04024124145508,107.46749114990234,128.431884765625,29.429000854492188,24.77495574951172,208.94317626953125,54.40433883666992
2019-09-17,52.99250030517578,91.12750244140625,92.12207794189453,60.953514099121094,107.57533264160156,129.4304656982422,29.860000610351562,24.552974700927734,207.24082946777344,53.99110794067383
2019-09-18,53.48954772949219,90.87300109863281,92.33772277832031,61.090789794921875,108.18926239013672,130.4950408935547,29.1560001373291,24.472253799438477,205.53848266601562,53.73284912109375
2019-09-19,53.05494689941406,91.07499694824219,91.95105743408203,61.39311218261719,107.94036865234375,132.89724731445312,28.65999984741211,24.559703826904297,207.53492736816406,53.37127685546875
2019-09-20,52.279380798339844,89.70800018310547,92.44182586669922,60.9515266418457,109.21794891357422,131.3616943359375,27.075000762939453,24.680788040161133,207.57061767578125,53.18681335449219
2019-09-23,52.51708984375,89.26499938964844,92.87310791015625,61.19189453125,109.29261779785156,131.0791015625,26.591999053955078,24.37807846069336,203.89852905273438,53.22370529174805
2019-09-24,52.267372131347656,87.08049774169922,92.01053619384766,60.38108825683594,109.13499450683594,129.42105102539062,25.458999633789062,24.223363876342773,200.5384063720703,52.49321746826172
2019-09-25,53.071746826171875,88.41649627685547,91.83953094482422,61.749454498291016,108.67041778564453,131.28636169433594,26.475000381469727,24.14936637878418,198.0160675048828,52.648155212402344
2019-09-26,52.79802322387695,86.99199676513672,89.34854125976562,61.56856155395508,106.89507293701172,131.45591735839844,26.33099937438965,24.068645477294922,192.0533905029297,52.36775588989258
2019-09-27,52.541114807128906,86.27249908447266,88.18854522705078,60.75874328613281,106.68767547607422,129.7507781982422,26.308000564575195,24.364627838134766,191.85728454589844,52.744083404541016
2019-09-30,53.77767562866211,86.79550170898438,88.18854522705078,60.52035140991211,107.33474731445312,130.9754638671875,26.761999130249023,24.16954231262207,193.693359375,52.102134704589844
2019-10-01,53.926551818847656,86.78250122070312,86.26266479492188,59.77000427246094,107.8408432006836,129.1289825439453,26.95800018310547,23.833208084106445,193.59532165527344,50.877227783203125
2019-10-02,52.5747184753418,85.6614990234375,83.49656677246094,58.37834548950195,109.50831604003906,126.84923553466797,26.80299949645996,23.342147827148438,193.18531799316406,49.54903793334961
2019-10-03,53.02132797241211,86.22100067138672,84.13603973388672,58.948787689208984,108.83635711669922,128.38478088378906,26.815000534057617,23.84665870666504,191.94642639160156,50.16148376464844
2019-10-04,54.50761032104492,86.98249816894531,84.65653991699219,60.01582717895508,110.8854751586914,130.11817932128906,27.27899932861328,24.16954231262207,195.90371704101562,50.89199447631836
2019-10-07,54.519615173339844,86.63300323486328,84.21783447265625,59.88151931762695,110.47068786621094,129.1761474609375,27.445999145507812,24.102279663085938,197.1871795654297,50.19099807739258
2019-10-08,53.88092041015625,85.27549743652344,83.06526184082031,58.98348617553711,109.3755874633789,127.81011962890625,27.07200050354004,23.833208084106445,196.1800537109375,49.21699142456055
2019-10-09,54.51240921020508,86.09950256347656,84.12859344482422,59.59158706665039,107.20203399658203,130.23123168945312,26.753000259399414,24.008100509643555,197.9358673095703,49.763023376464844
2019-10-10,55.24715042114258,86.01300048828125,85.20680236816406,59.94197463989258,107.06928253173828,131.0413818359375,28.04800033569336,24.07537269592285,199.4064178466797,50.36070251464844
2019-10-11,56.71663284301758,86.59600067138672,86.36678314208984,60.251243591308594,108.95247650146484,131.58779907226562,28.292999267578125,24.29063606262207,197.92694091796875,50.89936828613281
2019-10-14,56.634986877441406,86.82150268554688,86.38909149169922,60.353336334228516,108.44642639160156,131.46534729003906,28.55299949645996,24.418439865112305,196.6078338623047,51.04693603515625
2019-10-15,56.502933502197266,88.36900329589844,86.4857406616211,61.56607437133789,110.20520782470703,133.36830139160156,28.424999237060547,24.552974700927734,212.65090942382812,51.22403335571289
2019-10-16,56.27482604980469,88.87149810791016,85.59343719482422,61.60374450683594,112.13818359375,132.27549743652344,28.628000259399414,24.445344924926758,211.2248992919922,50.34595489501953
2019-10-17,56.49333190917969,89.3740005493164,85.77190399169922,62.089439392089844,112.96775817871094,131.5972137451172,29.334999084472656,24.52606773376465,217.17861938476562,50.27953338623047
2019-10-18,56.76465606689453,87.87550354003906,85.31832885742188,61.67362594604492,105.94100952148438,129.4492950439453,27.530000686645508,24.52606773376465,218.66709899902344,49.888465881347656
2019-10-21,57.74911117553711,89.28299713134766,86.70880889892578,61.667179107666016,106.20650482177734,130.41021728515625,27.80500030517578,24.52606773376465,217.40142822265625,50.72228240966797
2019-10-22,57.61704635620117,88.2864990234375,87.59368133544922,61.5145378112793,107.18541717529297,128.4695281982422,26.66900062561035,24.505889892578125,222.35699462890625,50.98052215576172
2019-10-23,58.39020538330078,88.1084976196289,87.7275161743164,62.328819274902344,107.76616668701172,129.2891845703125,27.12700080871582,24.734601974487305,220.85964965820312,51.46753692626953
2019-10-24,58.48625564575195,89.03900146484375,87.43009948730469,62.402164459228516,105.77509307861328,131.83274841308594,27.149999618530273,24.47898292541504,217.9272918701172,50.98052215576172
2019-10-25,59.20658493041992,88.06649780273438,88.24058532714844,62.659385681152344,106.48023986816406,132.57696533203125,27.68199920654297,24.734601974487305,218.28379821777344,51.09859085083008
2019-10-28,59.799659729003906,88.85399627685547,88.09931182861328,63.882537841796875,107.16883087158203,135.8365020751953,28.18600082397461,25.07767105102539,220.191162109375,50.64848327636719
2019-10-29,58.4166259765625,88.135498046875,87.83906555175781,62.478981018066406,107.11904907226562,134.55535888671875,28.121000289916992,25.703271865844727,224.8614959716797,50.500911712646484
2019-10-30,58.4094123840332,88.99949645996094,86.52291870117188,62.4809684753418,110.20520782470703,136.232177734375,29.145000457763672,25.8848876953125,227.0985565185547,49.96963119506836
2019-10-31,59.73003005981445,88.83300018310547,86.35934448242188,62.38679885864258,109.54151153564453,135.06405639648438,28.740999221801758,25.810894012451172,225.2268829345703,49.858951568603516
2019-11-01,61.42520523071289,89.5719985961914,86.41139221191406,63.05338668823242,108.8446273803711,135.39378356933594,28.680999755859375,25.824352264404297,224.79019165039062,51.356849670410156
2019-11-04,61.8286018371582,90.23300170898438,90.39697265625,63.91377258300781,108.03990173339844,136.1756591796875,29.285999298095703,25.582183837890625,223.93453979492188,52.88427734375
2019-11-05,61.73976135253906,90.08550262451172,90.67208099365234,64.00444793701172,108.19757080078125,136.0908966064453,28.80299949645996,25.21221351623535,223.08782958984375,53.93205261230469
2019-11-06,61.766170501708984,89.78849792480469,89.15518951416016,63.98313522338867,108.64553833007812,135.71405029296875,28.858999252319336,25.299663543701172,223.28390502929688,52.751461029052734
2019-11-07,62.47903060913086,89.41000366210938,90.63491821289062,64.77265167236328,109.03541564941406,135.9025115966797,28.957000732421875,25.0687313079834,228.57809448242188,53.87302780151367
2019-11-08,62.65001678466797,89.29399871826172,89.92109680175781,64.8747329711914,110.33792114257812,137.5039825439453,29.156999588012695,25.163818359375,229.03268432617188,52.849952697753906
2019-11-11,63.1461296081543,88.5824966430664,89.83184814453125,64.34346771240234,109.49175262451172,137.6453094482422,29.417999267578125,25.08232307434082,226.4657440185547,52.528831481933594
2019-11-12,63.08833694458008,88.9000015258789,89.94339752197266,64.2904281616211,108.96906280517578,138.54966735839844,29.201000213623047,25.109487533569336,227.49966430664062,51.8044548034668
2019-11-13,63.69281768798828,87.65550231933594,90.92491912841797,64.23937225341797,108.9027328491211,138.7757568359375,28.31100082397461,24.858186721801758,226.0023193359375,51.378787994384766
2019-11-14,63.252113342285156,87.7300033569336,90.68696594238281,64.88217163085938,108.64553833007812,139.48233032226562,28.961999893188477,24.824228286743164,228.01661682128906,51.15474319458008
2019-11-15,64.00350952148438,86.97450256347656,90.58936309814453,66.0909652709961,111.9474105834961,141.28167724609375,29.503000259399414,25.32002830505371,240.11134338378906,51.67002487182617
2019-11-18,64.32620239257812,87.62650299072266,89.01997375488281,65.41197204589844,111.8561019897461,141.63021850585938,30.256999969482422,25.279277801513672,243.2575225830078,51.16968536376953
2019-11-19,64.1311264038086,87.6395034790039,87.44305419921875,65.05266571044922,111.84781646728516,141.67730712890625,30.260000228881836,25.5781192779541,244.41622924804688,50.64693832397461
2019-11-20,63.38455581665039,87.27649688720703,88.11137390136719,64.52088928222656,112.7769775390625,141.4315948486328,30.516000747680664,25.163818359375,245.6016082763672,50.80376052856445
2019-11-21,63.100379943847656,86.7354965209961,89.18516540527344,64.4356460571289,113.19178009033203,141.29917907714844,31.16900062561035,25.632461547851562,246.48397827148438,52.02848815917969
2019-11-22,63.044979095458984,87.28600311279297,89.08002471923828,64.11498260498047,114.54407501220703,141.4032440185547,31.04800033569336,26.033174514770508,246.74240112304688,51.8044548034668
2019-11-25,64.15042877197266,88.69200134277344,88.89229583740234,64.7082290649414,114.59415435791016,142.95343017578125,31.55500030517578,26.270885467529297,251.9386444091797,51.460933685302734
2019-11-26,63.64949417114258,89.84700012207031,88.44925689697266,65.07298278808594,114.58584594726562,143.70970153808594,31.249000549316406,26.006013870239258,250.80661010742188,51.333980560302734
2019-11-27,64.50443267822266,90.92549896240234,88.65951538085938,65.02986145019531,115.07032775878906,143.98379516601562,31.593000411987305,26.2369327545166,250.15609741210938,51.30409622192383
2019-11-29,64.36235046386719,90.04000091552734,87.95367431640625,64.63139343261719,114.8531494140625,143.0952606201172,31.465999603271484,26.1622257232666,249.44309997558594,50.87843322753906
2019-12-02,63.61814880371094,89.08000183105469,87.70587158203125,63.8765869140625,114.74452209472656,141.36538696289062,30.999000549316406,26.006013870239258,249.25587463378906,51.09500503540039
2019-12-03,62.48384475708008,88.49800109863281,87.02253723144531,64.16799926757812,114.57746887207031,141.1385040283203,30.615999221801758,25.843006134033203,246.7958526611328,50.691734313964844
2019-12-04,63.03533935546875,88.03450012207031,87.81099700927734,65.36737823486328,116.43196868896484,141.64895629882812,30.43199920654297,25.904132843017578,248.95278930664062,51.26677703857422
2019-12-05,63.96014404296875,87.02400207519531,87.35295104980469,65.76485443115234,116.58231353759766,141.72459411621094,30.285999298095703,25.829421997070312,251.3414306640625,51.08753204345703
2019-12-06,65.19561767578125,87.58000183105469,88.61447143554688,66.38087463378906,117.26734161376953,143.44497680664062,30.735000610351562,26.006013870239258,250.6883087158203,51.90900802612305
2019-12-09,64.28285217285156,87.47550201416016,88.08131408691406,66.5593032836914,117.36756896972656,143.07635498046875,30.25,26.026382446289062,248.31732177734375,52.02101135253906
2019-12-10,64.6585693359375,86.96050262451172,88.52436065673828,66.5543441772461,116.9415283203125,142.85894775390625,29.312000274658203,26.135051727294922,250.08888244628906,51.57294845581055
2019-12-11,65.21006774902344,87.43599700927734,87.27784729003906,66.62174987792969,117.7685317993164,143.39772033691406,29.89299964904785,25.95846939086914,250.96563720703125,51.49826431274414
2019-12-12,65.3762435913086,88.0165023803711,89.2151870727539,66.8318862915039,118.06925201416016,144.85340881347656,29.8439998626709,26.175804138183594,253.74822998046875,52.528831481933594
2019-12-13,66.26490783691406,88.0469970703125,88.57691955566406,66.7516098022461,118.10265350341797,146.07286071777344,29.850000381469727,26.033174514770508,255.42132568359375,51.699893951416016
2019-12-16,67.39920806884766,88.46050262451172,89.62818908691406,67.4370346069336,118.44514465332031,147.0181121826172,30.42099952697754,26.58331871032715,261.2816162109375,52.27491760253906
2019-12-17,67.53167724609375,89.53299713134766,89.05750274658203,67.14907836914062,119.92373657226562,146.22409057617188,31.54800033569336,26.420310974121094,259.8858642578125,52.03594970703125
2019-12-18,67.37033081054688,89.20149993896484,89.01997375488281,67.00137329101562,119.61466979980469,145.9215545654297,32.08000183105469,26.413524627685547,262.0600891113281,52.1778564453125
2019-12-19,67.4377670288086,89.61399841308594,88.70455932617188,67.22589874267578,121.41905212402344,147.18824768066406,33.22200012207031,26.467853546142578,263.5989685058594,51.81937789916992
2019-12-20,67.29806518554688,89.32499694824219,89.86846923828125,66.9671859741211,122.01214599609375,148.79522705078125,33.689998626708984,26.644445419311523,261.7826843261719,52.23013687133789
2019-12-23,68.39628601074219,89.6500015258789,90.3565673828125,66.93794250488281,122.32958984375,148.79522705078125,33.310001373291016,26.705562591552734,264.01947021484375,52.49148178100586
2019-12-24,68.46127319335938,89.46050262451172,90.36407470703125,66.63066864013672,121.90353393554688,148.7668914794922,33.31999969482422,26.685190200805664,263.52740478515625,52.28986740112305
2019-12-26,69.81958770751953,93.4384994506836,90.55931854248047,67.52474212646484,121.82001495361328,149.9862518310547,33.26300048828125,26.746320724487305,264.5205078125,52.372005462646484
2019-12-27,69.7930908203125,93.48999786376953,90.33403778076172,67.13668823242188,121.75318145751953,150.26040649414062,32.909000396728516,26.705562591552734,264.80682373046875,52.192779541015625
2019-12-30,70.20734405517578,92.34449768066406,89.99614715576172,66.3967514038086,121.37726593017578,148.96542358398438,32.33100128173828,26.42710304260254,262.90997314453125,51.88661575317383
2019-12-31,70.72029113769531,92.39199829101562,90.4917221069336,66.38087463378906,121.85343170166016,149.06936645507812,32.356998443603516,26.610488891601562,263.0263366699219,52.11063003540039
2020-01-02,72.33389282226562,94.90049743652344,91.18257141113281,67.83250427246094,121.93695831298828,151.8295135498047,32.98099899291992,26.58331871032715,261.7021484375,52.947044372558594
2020-01-03,71.63063049316406,93.74849700927734,90.86719512939453,67.47765350341797,120.52519226074219,149.93902587890625,32.59000015258789,26.440692901611328,259.0539245605469,52.52137756347656
2020-01-06,72.20140838623047,95.14399719238281,90.55931854248047,69.27621459960938,120.37480163574219,150.32656860351562,33.58300018310547,26.406723022460938,260.85211181640625,52.924625396728516
2020-01-07,71.86185455322266,95.34300231933594,89.40291595458984,69.14240264892578,121.1099624633789,148.95587158203125,33.07500076293945,26.318431854248047,259.27752685546875,52.49148178100586
2020-01-08,73.0178451538086,94.59850311279297,88.38168334960938,69.63453674316406,121.0932846069336,151.32855224609375,33.92599868774414,26.52898406982422,264.74420166015625,51.699893951416016
2020-01-09,74.56881713867188,95.05249786376953,88.2389907836914,70.36557006835938,121.45245361328125,153.21910095214844,33.566001892089844,26.413524627685547,263.2410888671875,52.095703125
2020-01-10,74.73737335205078,94.15799713134766,87.43555450439453,70.82003021240234,121.17678833007812,152.51011657714844,32.904998779296875,26.82103157043457,264.0552673339844,51.6327018737793
2020-01-13,76.3341064453125,94.56500244140625,87.60073852539062,71.36866760253906,121.71142578125,154.343994140625,33.891998291015625,26.76669692993164,255.75241088867188,52.125579833984375
2020-01-14,75.30332946777344,93.47200012207031,87.33042907714844,70.90081024169922,122.39640045166016,153.25692749023438,33.86899948120117,27.21495819091797,257.8906555175781,51.677494049072266
2020-01-15,74.98062133789062,93.10099792480469,87.2027587890625,71.32752227783203,122.80572509765625,154.2494659423828,33.90700149536133,27.62247657775879,265.20050048828125,51.595340728759766
2020-01-16,75.91985321044922,93.89700317382812,87.77345275878906,71.87071990966797,123.79978942871094,157.0758056640625,33.86199951171875,27.58171844482422,269.0746154785156,51.393714904785156
2020-01-17,76.76036834716797,93.23600006103516,86.78975677490234,73.3258056640625,124.61005401611328,157.95489501953125,33.96699905395508,27.5137996673584,267.0435485839844,51.19955062866211
2020-01-21,76.24017333984375,94.5999984741211,85.085205078125,73.46111297607422,124.69364166259766,157.38775634765625,33.81100082397461,27.39834213256836,268.8866271972656,50.467708587646484
2020-01-22,76.5123291015625,94.37300109863281,84.77733612060547,73.5413818359375,123.841552734375,156.6315460205078,32.599998474121094,27.29646873474121,268.9404296875,50.17646789550781
2020-01-23,76.88078308105469,94.22899627685547,84.9275131225586,73.58203125,124.07547760009766,157.59568786621094,34.959999084472656,27.649641036987305,267.9292907714844,49.862796783447266
2020-01-24,76.65921020507812,93.08200073242188,83.9888687133789,72.66416931152344,123.90011596679688,156.0076446533203,35.316001892089844,27.045164108276367,261.9795227050781,49.526763916015625
2020-01-27,74.40501403808594,91.41699981689453,82.8925552368164,70.95731353759766,124.25928497314453,153.39869689941406,34.28799819946289,27.276086807250977,254.17762756347656,48.34683609008789
2020-01-28,76.5098876953125,92.6624984741211,83.44071960449219,71.8875503540039,124.88581848144531,156.40469360351562,34.85200119018555,25.904132843017578,255.770263671875,48.279624938964844
2020-01-29,78.11143493652344,92.9000015258789,82.87754821777344,72.19481658935547,125.7545394897461,158.84344482421875,34.316001892089844,25.52378273010254,253.11297607421875,47.87636947631836
2020-01-30,77.99824523925781,93.53399658203125,83.6509780883789,72.07341766357422,125.6041488647461,163.32408142089844,34.77399826049805,25.434589385986328,251.39515686035156,48.38418197631836
2020-01-31,74.53990173339844,100.43599700927734,80.45211029052734,71.00935363769531,124.3594970703125,160.9136199951172,34.50899887084961,25.551239013671875,243.7632598876953,46.39026641845703
2020-02-03,74.33519744873047,100.20999908447266,79.80633544921875,73.47844696044922,125.44541931152344,164.8365020751953,35.79999923706055,25.736480712890625,245.16798400878906,45.352230072021484
2020-02-04,76.78926849365234,102.4834976196289,80.23434448242188,71.63528442382812,126.64002990722656,170.26234436035156,36.9010009765625,25.859987258911133,251.2698516845703,44.78467559814453
2020-02-05,77.41543579101562,101.99349975585938,82.8099594116211,71.6670150756836,128.63653564453125,170.0543670654297,36.96699905395508,26.1893253326416,264.592041015625,46.845802307128906
2020-02-06,78.32095336914062,102.5114974975586,82.21674346923828,73.1498794555664,128.2522430419922,173.5802459716797,36.69499969482422,26.251073837280273,261.6663818359375,46.21103286743164
2020-02-07,77.25635528564453,103.96399688720703,81.80374908447266,73.30548095703125,126.88226318359375,173.8260040283203,36.676998138427734,26.106990814208984,258.76751708984375,45.90485382080078
2020-02-10,77.623291015625,106.69550323486328,82.44202423095703,74.76998901367188,126.85720825195312,178.3727569580078,37.106998443603516,25.94232177734375,256.8080749511719,45.420040130615234
2020-02-11,77.15497589111328,107.54000091552734,83.50830078125,74.83938598632812,126.9658203125,174.34591674804688,37.36899948120117,26.13443374633789,260.1722412109375,45.85182571411133
2020-02-12,78.98722076416016,108.0,84.13155364990234,75.26412200927734,126.2140121459961,174.6011505126953,38.000999450683594,25.894296646118164,271.526123046875,46.41237258911133
2020-02-13,78.4247817993164,107.49349975585938,83.84620666503906,75.00443267822266,125.37860870361328,173.65591430664062,38.13999938964844,25.33854103088379,270.380859375,46.15483093261719
2020-02-14,78.44407653808594,106.74349975585938,83.62593078613281,75.2690658569336,125.41203308105469,175.2061309814453,38.040000915527344,25.050365447998047,267.3209533691406,45.942718505859375
2020-02-18,77.00772857666016,107.78350067138672,83.74744415283203,75.30426025390625,124.58503723144531,176.98321533203125,38.77799987792969,24.919998168945312,270.3272399902344,45.35945510864258
2020-02-19,78.12298583984375,108.51100158691406,84.12728118896484,75.57337951660156,124.4179916381836,177.5140380859375,38.61899948120117,24.858247756958008,273.16339111328125,45.70790481567383
2020-02-20,77.32154083251953,107.65499877929688,83.4207763671875,75.1828384399414,123.94181823730469,174.80323791503906,38.599998474121094,24.597524642944336,270.3182373046875,45.34428787231445
2020-02-21,75.5713882446289,104.79850006103516,82.81304931640625,73.52107238769531,125.24492645263672,169.2771759033203,38.00699996948242,24.508319854736328,269.69189453125,44.79130935668945
2020-02-24,71.9817123413086,100.4645004272461,79.54637908935547,70.36901092529297,122.6640625,161.97872924804688,36.869998931884766,23.787893295288086,248.5410614013672,42.69303512573242
2020-02-25,69.54351043701172,98.63700103759766,76.50768280029297,68.7067642211914,121.60478210449219,159.3057861328125,36.00899887084961,23.280160903930664,235.6572265625,41.05681228637695
2020-02-26,70.64675903320312,98.97949981689453,74.47931671142578,68.91243743896484,120.78934478759766,161.2962646484375,37.92399978637695,23.822206497192383,235.30825805664062,40.15538024902344
2020-02-27,66.02867889404297,94.21499633789062,71.50894165039062,65.16962432861328,116.955810546875,149.93148803710938,37.17100143432617,23.396800994873047,227.18434143066406,37.73894119262695
2020-02-28,65.99005126953125,94.1875,70.90882873535156,66.37393951416016,113.05502319335938,153.5617218017578,36.90299987792969,22.93024444580078,228.1148223876953,38.966094970703125
2020-03-02,72.1337661743164,97.69750213623047,73.3777847290039,68.7067642211914,117.71245574951172,163.77963256835938,38.10499954223633,23.93198013305664,244.35379028320312,40.814414978027344
2020-03-03,69.84286499023438,95.44950103759766,71.70647430419922,66.2981185913086,113.98819732666016,155.9314422607422,36.87699890136719,23.534032821655273,233.87677001953125,38.860050201416016
2020-03-04,73.0824966430664,98.79149627685547,74.85157012939453,68.47285461425781,120.6211929321289,161.6564483642578,38.37900161743164,24.974885940551758,258.94647216796875,39.70845413208008
2020-03-05,70.71192932128906,96.20149993896484,73.83358001708984,65.16020965576172,119.38538360595703,157.59962463378906,37.27799987792969,24.32993507385254,253.16664123535156,37.958621978759766
2020-03-06,69.77287292480469,95.05449676513672,72.41300201416016,64.21757507324219,119.40220642089844,153.14471435546875,36.89699935913086,24.028039932250977,253.9807891845703,36.125457763671875
2020-03-09,64.25436401367188,90.03050231933594,61.28361892700195,60.25520706176758,114.70278930664062,142.76568603515625,34.64899826049805,23.163524627685547,244.6490478515625,31.709190368652344
2020-03-10,68.88211059570312,94.59100341796875,64.55786895751953,63.19811248779297,119.0743408203125,152.52859497070312,36.41299819946289,23.73300552368164,250.51832580566406,32.883323669433594
2020-03-11,66.4897689819336,91.04299926757812,63.07647705078125,60.01285171508789,110.8020248413086,145.61880493164062,34.992000579833984,22.072589874267578,248.5321044921875,31.800090789794922
2020-03-12,59.923587799072266,83.83049774169922,57.93342971801758,55.089012145996094,105.43006896972656,131.80853271484375,31.524999618530273,20.597421646118164,224.04388427734375,28.164066314697266
2020-03-13,67.10293579101562,89.25,63.37276077270508,60.179874420166016,112.89530944824219,150.54757690429688,33.630001068115234,22.44309425354004,244.4507598876953,28.876121520996094
2020-03-16,58.47035217285156,84.4574966430664,52.94990921020508,53.17845916748047,106.87604522705078,128.3583221435547,29.884000778198242,20.707199096679688,202.2173309326172,26.126375198364258
2020-03-17,61.041290283203125,90.39199829101562,53.70197296142578,55.411651611328125,114.82891082763672,138.9268798828125,31.975000381469727,22.06572914123535,219.45213317871094,27.883787155151367
2020-03-18,59.54700469970703,91.5,41.820552825927734,54.07996368408203,113.45858764648438,133.07862854003906,31.547000885009766,22.202953338623047,195.04660034179688,25.088590621948242
2020-03-19,59.09075164794922,94.04650115966797,43.59819793701172,55.09495544433594,106.80877685546875,135.26820373535156,33.202999114990234,20.871871948242188,197.50869750976562,26.080923080444336
2020-03-20,55.33934020996094,92.30449676513672,45.1175651550293,52.941062927246094,100.78949737548828,130.18765258789062,33.28300094604492,19.904436111450195,185.63844299316406,24.800739288330078
2020-03-23,54.163700103759766,95.1415023803711,41.19002151489258,52.24325180053711,93.43350982666016,128.88914489746094,36.027000427246094,19.547649383544922,175.09799194335938,23.823562622070312
2020-03-24,59.59770965576172,97.00499725341797,50.55690383911133,56.003902435302734,100.19261932373047,140.6046142578125,35.731998443603516,20.377866744995117,197.50869750976562,26.84600067138672
2020-03-25,59.26939392089844,94.29199981689453,52.623233795166016,54.596885681152344,100.37754821777344,139.25868225097656,34.23899841308594,20.412166595458984,210.70895385742188,28.24738883972168
2020-03-26,62.38832473754883,97.77449798583984,58.02457046508789,57.63493728637695,106.40524291992188,147.9694366455078,36.29899978637695,21.7844181060791,229.4893341064453,29.4063777923584
2020-03-27,59.80530548095703,95.00499725341797,52.25099563598633,55.02507781982422,103.5385513305664,141.8936767578125,35.71200180053711,21.20121192932129,217.86163330078125,27.989845275878906
2020-03-30,61.51202392578125,98.19750213623047,54.65918731689453,56.81173324584961,111.81924438476562,151.87460327148438,37.09600067138672,22.415651321411133,225.796142578125,28.406469345092773
2020-03-31,61.386497497558594,97.48600006103516,55.04663848876953,57.58686065673828,110.23880004882812,149.4859619140625,37.54999923706055,22.39506721496582,224.08883666992188,28.76249122619629
2020-04-01,58.15652084350586,95.38500213623047,52.0838623046875,54.620662689208984,108.28840637207031,144.17799377441406,36.40800094604492,21.7844181060791,213.25193786621094,28.42919158935547
2020-04-02,59.126956939697266,95.94149780273438,57.82706069946289,55.3606071472168,111.93692779541016,147.16375732421875,37.007999420166016,22.552875518798828,216.05548095703125,30.603248596191406
2020-04-03,58.277217864990234,95.32949829101562,57.05978775024414,54.15479278564453,112.79443359375,145.80828857421875,36.17599868774414,23.081192016601562,206.21600341796875,29.701810836791992
2020-04-06,63.36117935180664,99.87950134277344,61.07090759277344,58.639530181884766,117.49384307861328,156.6518096923828,37.99599838256836,23.719284057617188,223.15428161621094,30.656267166137695
2020-04-07,62.62730407714844,100.58000183105469,61.473567962646484,58.60830307006836,115.57711791992188,154.964599609375,37.22800064086914,23.06060791015625,222.88475036621094,31.23953628540039
2020-04-08,64.23021697998047,102.1500015258789,65.31753540039062,59.81956481933594,120.43628692626953,156.5190887451172,37.11199951171875,23.739866256713867,240.66769409179688,33.21662902832031
2020-04-09,64.6937255859375,102.13800048828125,64.04888916015625,59.798248291015625,118.72969055175781,156.5285186767578,37.071998596191406,24.281904220581055,237.3429412841797,32.671234130859375
2020-04-13,65.96350860595703,108.44349670410156,64.50469207763672,59.98857498168945,117.50228118896484,156.87924194335938,39.672000885009766,24.110370635986328,236.78582763671875,32.39094924926758
2020-04-14,69.29488372802734,114.16600036621094,64.27677917480469,62.705474853515625,122.76493072509766,164.64219665527344,41.35499954223633,25.002334594726562,243.06695556640625,32.140968322753906
2020-04-15,68.66239166259766,115.38400268554688,62.66624450683594,62.31246566772461,124.13525390625,162.9171142578125,42.67499923706055,24.679853439331055,253.113037109375,30.663835525512695
2020-04-16,69.20796203613281,120.40950012207031,60.76704406738281,62.318904876708984,125.82504272460938,167.8080291748047,43.91699981689453,24.618101119995117,268.1643981933594,29.656352996826172
2020-04-17,68.26892852783203,118.75,66.22154998779297,63.38792419433594,127.80062866210938,169.28668212890625,42.29600143432617,25.324810028076172,261.0924987792969,32.73939514160156
2020-04-20,66.85186004638672,119.68049621582031,63.4867057800293,62.503273010253906,127.50638580322266,165.93125915527344,43.749000549316406,24.755329132080078,253.5263671875,31.194091796875
2020-04-21,64.78545379638672,116.40599822998047,62.02051544189453,60.07529830932617,125.83343505859375,159.0688018798828,43.382999420166016,24.439708709716797,246.3826904296875,31.02743911743164
2020-04-22,66.6515121459961,118.17449951171875,64.14764404296875,62.36747360229492,128.61611938476562,164.4716033935547,42.141998291015625,24.87196922302246,248.92562866210938,31.913715362548828
2020-04-23,66.39319610595703,119.97250366210938,65.94049835205078,62.99986267089844,130.73463439941406,162.48106384277344,42.66999816894531,25.173864364624023,256.3928527832031,32.91362380981445
2020-04-24,68.30995178222656,120.51100158691406,66.10000610351562,63.268978118896484,130.18814086914062,165.4478759765625,42.499000549316406,25.647294998168945,261.7485046386719,33.12572479248047
2020-04-27,68.35823822021484,118.80000305175781,68.15116119384766,62.984500885009766,129.708984375,164.97386169433594,42.13800048828125,26.299104690551758,264.16558837890625,33.2848014831543
2020-04-28,67.25019073486328,115.7040023803711,68.30311584472656,61.08782196044922,127.27100372314453,160.9550018310547,40.382999420166016,26.01093292236328,259.1156005859375,34.065040588378906
2020-04-29,69.45903015136719,118.635498046875,71.88119506835938,66.51915740966797,126.30422973632812,168.1776885986328,41.18899917602539,26.155019760131836,258.4776611328125,35.95123291015625
2020-04-30,70.92435455322266,123.69999694824219,69.89083099365234,66.74317932128906,126.1361083984375,169.8649139404297,41.98500061035156,26.319690704345703,262.8089294433594,35.201290130615234
2020-05-01,69.78251647949219,114.302001953125,67.94602966308594,65.2870864868164,124.6648941040039,165.46681213378906,41.527000427246094,25.82568359375,255.6560821533203,32.678810119628906
2020-05-04,70.76983642578125,115.79949951171875,69.46541595458984,65.56362915039062,124.64810180664062,169.51416015625,42.814998626708984,25.81195831298828,258.37884521484375,33.996864318847656
2020-05-05,71.83203887939453,115.88999938964844,70.56694030761719,66.858154296875,125.6821060180664,171.33401489257812,42.46799850463867,26.422616958618164,263.3210144042969,33.958980560302734
2020-05-06,72.5731430053711,117.56300354003906,68.40946960449219,66.68022155761719,124.48837280273438,173.0211944580078,43.42599868774414,26.422616958618164,259.4840087890625,33.32268524169922
2020-05-07,73.32389831542969,118.38050079345703,70.37702941894531,67.86224365234375,124.07640075683594,174.02593994140625,43.65299987792969,25.61184310913086,256.0964660644531,33.512054443359375
2020-05-08,75.06912994384766,118.98049926757812,72.52692413330078,68.60862731933594,125.0095443725586,175.04962158203125,43.55500030517578,25.792011260986328,257.8935241699219,34.98162078857422
2020-05-11,76.25035858154297,120.44999694824219,70.93159484863281,69.56266784667969,125.35426330566406,177.00222778320312,44.051998138427734,26.401817321777344,259.4121398925781,34.648319244384766
2020-05-12,75.37895965576172,117.84750366210938,69.20709991455078,68.15465545654297,123.6980972290039,172.9927978515625,43.18199920654297,25.8890323638916,258.5226135253906,34.06917953491211
2020-05-13,74.46886444091797,118.39600372314453,67.38386535644531,66.8239517211914,123.68972778320312,170.376708984375,43.82699966430664,25.674209594726562,249.80628967285156,32.3780632019043
2020-05-14,74.92631530761719,119.44249725341797,68.40946960449219,67.2467041015625,124.11845397949219,171.11599731445312,44.19499969482422,26.277084350585938,261.137451171875,32.663780212402344
2020-05-15,74.48335266113281,120.48899841308594,67.73332977294922,68.04959106445312,126.47236633300781,173.60890197753906,45.41899871826172,26.166210174560547,261.4520263671875,32.4321174621582
2020-05-18,76.23827362060547,121.31300354003906,71.34086608886719,68.6502685546875,126.53966522216797,175.2676239013672,45.257999420166016,26.38102912902832,263.6084899902344,35.01124572753906
2020-05-19,75.79772186279297,122.46649932861328,69.08229064941406,68.11600494384766,125.27857971191406,174.05438232421875,45.104000091552734,26.110767364501953,259.735595703125,33.93017578125
2020-05-20,77.27185821533203,124.89700317382812,71.68771362304688,69.83872985839844,124.15206909179688,176.4686279296875,44.766998291015625,26.076129913330078,258.7831726074219,35.03441619873047
2020-05-21,76.69573974609375,122.33699798583984,70.94771575927734,69.71929168701172,123.33663177490234,174.34902954101562,43.625,25.81972885131836,257.8126220703125,34.408939361572266
2020-05-22,77.1895523071289,121.84400177001953,69.59105682373047,70.04093170166016,122.21077728271484,174.42507934570312,42.93199920654297,25.98603630065918,260.5354309082031,34.439823150634766
2020-05-26,76.6667251586914,121.09300231933594,71.9189682006836,70.44384765625,122.37159729003906,172.58114624023438,41.47700119018555,25.979116439819336,264.9833679199219,35.45139694213867
2020-05-27,77.00074768066406,120.51950073242188,72.3814926147461,70.38983917236328,122.65093231201172,172.8092498779297,41.98899841308594,25.92367935180664,272.9628601074219,35.70622634887695
2020-05-28,77.03462982177734,120.05500030517578,70.04583740234375,70.28873443603516,124.41165924072266,172.41952514648438,41.34400177001953,26.457246780395508,273.142578125,34.77959442138672
2020-05-29,76.9595947265625,122.11849975585938,70.68563842773438,71.04602813720703,125.91848754882812,174.17791748046875,41.972999572753906,26.464189529418945,273.93328857421875,35.11163330078125
2020-06-01,77.90604400634766,123.552001953125,71.5258560180664,71.11293029785156,124.59793090820312,173.7787628173828,42.59199905395508,24.572399139404297,274.9037170410156,35.73711395263672
2020-06-02,78.26668548583984,123.62049865722656,72.99044799804688,71.48165893554688,125.49520874023438,175.75575256347656,42.73099899291992,25.057476043701172,275.2452392578125,36.532470703125
2020-06-03,78.69757843017578,123.91999816894531,74.9098129272461,71.33000946044922,125.83381652832031,176.1835174560547,42.196998596191406,25.057476043701172,274.3825378417969,38.022804260253906
2020-06-04,78.0197982788086,123.02999877929688,74.21604919433594,70.09346008300781,124.20848083496094,173.86427307128906,41.43299865722656,24.953529357910156,267.8498229980469,37.91469192504883
2020-06-05,80.24189758300781,124.1500015258789,77.70796203613281,71.3681640625,124.6910400390625,177.932373046875,41.959999084472656,24.939672470092773,280.22332763671875,40.9880256652832
2020-06-08,80.71630859375,126.2030029296875,79.58108520507812,71.76563262939453,124.24240112304688,179.03492736816406,41.94900131225586,25.355445861816406,278.09375,42.26987075805664
2020-06-09,83.26517486572266,130.04299926757812,78.26294708251953,71.96585845947266,123.55670928955078,180.4036407470703,43.404998779296875,25.092119216918945,277.85113525390625,41.32778549194336
2020-06-10,85.40737915039062,132.37249755859375,75.2181396484375,72.59131622314453,125.11430358886719,187.0951385498047,43.448001861572266,24.891162872314453,274.7419738769531,39.11159896850586
2020-06-11,81.30693054199219,127.89800262451172,68.88961029052734,69.47891235351562,119.2479476928711,177.0483856201172,42.555999755859375,23.075605392456055,254.95516967773438,35.65989303588867
2020-06-12,82.00890350341797,127.2509994506836,71.21752166748047,70.02506256103516,120.3315200805664,178.44566345214844,41.80699920654297,23.38743782043457,256.2311096191406,36.424346923828125
2020-06-15,83.02312469482422,128.63400268554688,70.3233413696289,70.41265106201172,119.5696792602539,179.5862579345703,42.54999923706055,23.117189407348633,257.24664306640625,36.40119171142578
2020-06-16,85.22340393066406,130.7635040283203,72.48170471191406,71.68782806396484,122.28694915771484,183.98703002929688,43.612998962402344,23.144901275634766,263.2850646972656,37.219722747802734
2020-06-17,85.10480499267578,132.0489959716797,70.56230926513672,71.9886703491211,121.91446685791016,184.62387084960938,44.777000427246094,23.255775451660156,262.9256591796875,36.00737762451172
2020-06-18,85.1386947631836,132.69900512695312,70.87063598632812,71.07575225830078,121.39810180664062,186.60092163085938,44.98699951171875,23.03403091430664,261.9192810058594,36.231319427490234
2020-06-19,84.65216827392578,133.75050354003906,69.86083984375,70.60592651367188,121.753662109375,185.4888153076172,45.37200164794922,23.158761978149414,262.8306579589844,35.50545120239258
2020-06-22,86.86698913574219,135.6909942626953,70.600830078125,71.8954849243164,121.38119506835938,190.64048767089844,46.80400085449219,22.943941116333008,264.12115478515625,35.84522247314453
2020-06-23,88.72114562988281,138.2205047607422,70.48522186279297,72.55563354492188,120.93253326416016,191.91416931152344,46.625999450683594,22.708337783813477,268.57025146484375,36.06142807006836
2020-06-24,87.1550521850586,136.72000122070312,67.5560302734375,71.00538635253906,118.35914611816406,188.04563903808594,45.78499984741211,22.306419372558594,260.9716796875,34.36260223388672
2020-06-25,88.31204223632812,137.72900390625,68.7662582397461,71.42169189453125,118.2321548461914,190.42189025878906,46.590999603271484,22.396507263183594,267.3248596191406,34.87997055053711
2020-06-26,85.59861755371094,134.64349365234375,66.64645385742188,67.52820587158203,116.65763092041016,186.61044311523438,44.34000015258789,22.20247459411621,258.89599609375,33.683074951171875
2020-06-29,87.57138061523438,134.0189971923828,67.57918548583984,69.2444839477539,117.69886016845703,188.61595153808594,44.7239990234375,22.618255615234375,261.4950866699219,34.22360610961914
2020-06-30,88.30237579345703,137.9409942626953,68.78167724609375,70.2793197631836,119.0448226928711,193.43492126464844,45.50400161743164,22.659832000732422,266.1788024902344,34.53248977661133
2020-07-01,88.13536834716797,143.93499755859375,67.54061126708984,71.4662857055664,118.83319854736328,194.56605529785156,48.56399917602539,23.380508422851562,268.6876220703125,33.7525749206543
2020-07-02,88.13536834716797,144.51499938964844,68.072509765625,72.85051727294922,119.33262634277344,196.0487518310547,47.68899917602539,23.914091110229492,269.1659240722656,34.03828811645508
2020-07-06,90.49300384521484,152.8520050048828,68.27290344238281,74.32344818115234,121.03410339355469,200.26898193359375,49.38100051879883,23.914091110229492,273.2721252441406,34.27766036987305
2020-07-07,90.21222686767578,150.00599670410156,66.53082275390625,73.84123992919922,120.9240493774414,197.94029235839844,49.316001892089844,23.581470489501953,267.71295166015625,33.38964080810547
2020-07-08,92.31327819824219,154.0554962158203,66.5616683959961,74.51921844482422,121.27957916259766,202.29351806640625,50.27799987792969,23.38743782043457,269.2561340332031,33.31242370605469
2020-07-09,92.7102279663086,159.13150024414062,63.7789421081543,75.2656021118164,120.61933898925781,203.7097930908203,50.7760009765625,23.186479568481445,262.75848388671875,31.937917709350586
2020-07-10,92.87239837646484,160.0,65.69831085205078,76.27415466308594,120.51773834228516,203.0919647216797,54.87300109863281,23.442874908447266,262.8216552734375,32.934043884277344
2020-07-13,92.44398498535156,155.1999969482422,65.82936096191406,74.94693756103516,122.92182159423828,196.8187255859375,52.54999923706055,24.399158477783203,270.4745788574219,32.941768646240234
2020-07-14,93.97378540039062,154.1999969482422,68.10332489013672,75.37462615966797,125.21588897705078,198.0353546142578,52.487998962402344,24.413022994995117,278.42510986328125,34.030555725097656
2020-07-15,94.62008666992188,150.44349670410156,68.51958465576172,75.17738342285156,125.50366973876953,197.74066162109375,52.32600021362305,24.7525691986084,274.4090881347656,34.46299362182617
2020-07-16,93.45577239990234,149.9949951171875,68.11104583740234,75.08026123046875,126.34174346923828,193.82461547851562,52.73899841308594,24.669418334960938,277.1886291503906,34.192726135253906
2020-07-17,93.26696014404297,148.09849548339844,67.20918273925781,75.17589569091797,126.42636108398438,192.83612060546875,49.29899978637695,25.119844436645508,276.629150390625,33.60585403442383
2020-07-20,95.23249053955078,159.8419952392578,65.72917175292969,77.50474548339844,126.6380386352539,201.12440490722656,50.24100112915039,25.29308319091797,273.8586730957031,32.81822204589844
2020-07-21,93.9181137084961,156.9145050048828,70.4466781616211,77.11222076416016,126.75653076171875,198.41554260253906,49.0099983215332,25.424745559692383,275.34771728515625,34.478431701660156
2020-07-22,94.18194580078125,154.99549865722656,70.1768798828125,77.55480194091797,126.9850845336914,201.26699829101562,48.981998443603516,26.720579147338867,276.7916564941406,33.67536163330078
2020-07-23,89.89512634277344,149.32749938964844,70.15375518798828,75.17093658447266,126.64646911621094,192.512939453125,47.757999420166016,26.616641998291016,273.4164733886719,33.744850158691406
2020-07-24,89.67241668701172,150.44549560546875,69.47543334960938,74.74769592285156,125.38522338867188,191.33432006835938,48.04499816894531,26.09691619873047,271.4491271972656,33.536354064941406
2020-07-27,91.79769897460938,152.760498046875,70.1768798828125,75.79936981201172,124.58941650390625,193.7581024169922,49.564998626708984,26.013765335083008,269.47271728515625,34.030555725097656
2020-07-28,90.28968048095703,150.01649475097656,68.6891860961914,74.5217056274414,124.29320526123047,192.0186767578125,48.85100173950195,27.03934669494629,270.6730651855469,33.629024505615234
2020-07-29,92.02037811279297,151.67649841308594,69.42916107177734,75.50597381591797,124.04767608642578,193.9577178955078,48.448001861572266,27.205657958984375,276.7645568847656,33.99966812133789
2020-07-30,93.13384246826172,152.593994140625,66.5,76.24244689941406,124.30165100097656,193.80563354492188,48.58000183105469,27.107696533203125,275.4560241699219,32.33174133300781
2020-07-31,102.88390350341797,158.23399353027344,64.70394897460938,73.74359893798828,123.38739776611328,194.8606719970703,48.88800048828125,26.925758361816406,273.2450256347656,32.493900299072266
2020-08-03,105.47633361816406,155.59449768066406,65.37456512451172,73.48638153076172,124.73336791992188,205.81980895996094,49.86199951171875,26.834794998168945,273.9940185546875,32.62516403198242
2020-08-04,106.18070983886719,156.94149780273438,66.6695785522461,73.01753997802734,124.623291015625,202.73077392578125,50.9640007019043,26.86277961730957,274.7972412109375,33.567237854003906
2020-08-05,106.56559753417969,160.25149536132812,67.21687316894531,73.30448150634766,125.6221923828125,202.39810180664062,50.21099853515625,26.904769897460938,281.98980712890625,33.86068344116211
2020-08-06,110.28358459472656,161.25,67.42501831054688,74.58612823486328,124.90265655517578,205.63929748535156,50.90800094604492,26.778818130493164,283.4246826171875,33.698516845703125
2020-08-07,107.77619934082031,158.3730010986328,66.90856170654297,74.26002502441406,125.79151916503906,201.9608612060547,49.472999572753906,26.904769897460938,286.10504150390625,33.5440788269043
2020-08-10,109.34271240234375,157.4080047607422,69.16708374023438,74.18318939208984,125.30897521972656,197.94029235839844,48.3380012512207,26.86277961730957,287.9731140136719,34.37033462524414
2020-08-11,106.09085845947266,154.0334930419922,69.08229064941406,73.37635040283203,124.41165924072266,193.31138610839844,46.69300079345703,26.442943572998047,284.7693786621094,34.72553253173828
2020-08-12,109.61671447753906,158.11199951171875,69.93021392822266,74.69962310791016,126.68879699707031,198.833740234375,47.547000885009766,26.82079315185547,290.8337097167969,34.71765899658203
2020-08-13,111.55669403076172,158.05099487304688,69.2364730834961,75.1659927368164,125.2835922241211,198.36795043945312,48.132999420166016,26.70884132385254,290.156982421875,33.867244720458984
2020-08-14,111.45724487304688,157.4010009765625,69.64500427246094,74.57026672363281,125.48675537109375,198.55804443359375,48.268001556396484,26.631868362426758,292.12432861328125,34.01685333251953
2020-08-17,111.16624450683594,159.12049865722656,69.9687728881836,75.14566802978516,126.12165832519531,199.8697967529297,48.23500061035156,26.834794998168945,289.2455139160156,33.57588577270508
2020-08-18,112.09256744384766,165.62449645996094,68.52216339111328,77.10529327392578,127.05278778076172,201.0198974609375,49.1870002746582,26.841794967651367,285.90643310546875,33.41053771972656
2020-08-19,112.23322296142578,163.0240020751953,67.55255126953125,76.55169677734375,127.30677032470703,199.80032348632812,48.452999114990234,26.771820068359375,284.6338806152344,33.04043960571289
2020-08-20,114.72364044189453,164.86849975585938,66.31706237792969,78.11979675292969,128.17864990234375,204.4499053955078,49.790000915527344,27.09369659423828,282.7658996582031,32.5364990234375
2020-08-21,120.6356201171875,164.23599243164062,66.52818298339844,78.08609771728516,129.31295776367188,202.96360778808594,49.23099899291992,27.205657958984375,283.49688720703125,32.29237365722656
2020-08-24,122.07844543457031,165.3730010986328,68.18592834472656,78.56088256835938,129.65386962890625,203.60194396972656,48.88100051879883,27.177663803100586,278.7138366699219,33.24517059326172
2020-08-25,121.07694244384766,167.32449340820312,67.34923553466797,79.5867919921875,129.57711791992188,206.25071716308594,49.05799865722656,26.876781463623047,281.76422119140625,32.19001770019531
2020-08-26,122.72350311279297,172.09249877929688,66.29361724853516,81.48396301269531,129.78167724609375,210.70980834960938,54.75299835205078,26.6248779296875,278.6958312988281,31.504959106445312
2020-08-27,121.25640869140625,170.0,66.395263671875,80.7103271484375,130.3611297607422,215.88339233398438,52.62699890136719,26.49192237854004,281.267822265625,31.292356491088867
2020-08-28,121.05998992919922,170.08999633789062,66.95823669433594,81.25102996826172,130.92352294921875,218.10342407226562,52.388999938964844,26.526914596557617,283.7044677734375,32.0404052734375
2020-08-31,125.16539764404297,172.54800415039062,65.62894439697266,80.76038360595703,130.72755432128906,214.88294982910156,52.95600128173828,26.442943572998047,282.06195068359375,31.449832916259766
2020-09-01,130.15106201171875,174.95599365234375,64.96428680419922,82.02664947509766,129.11703491210938,216.5408477783203,55.654998779296875,25.80618667602539,282.31463623046875,31.04825210571289
2020-09-02,127.45452880859375,176.57249450683594,65.05029296875,85.11477661132812,131.08547973632812,220.7140350341797,55.284000396728516,26.030105590820312,289.0018310546875,30.859275817871094
2020-09-03,117.25041961669922,168.39999389648438,64.33872985839844,80.7593994140625,127.43827056884766,207.04153442382812,52.57500076293945,25.470312118530273,285.3830261230469,30.796283721923828
2020-09-04,117.32801818847656,164.7310028076172,64.06505584716797,78.36560821533203,126.62019348144531,204.13552856445312,51.60499954223633,25.442323684692383,281.5655822753906,30.77264976501465
2020-09-08,109.43242645263672,157.49200439453125,61.75048828125,75.51043701171875,125.48686218261719,193.0926513671875,50.70199966430664,25.141437530517578,277.2789306640625,30.063966751098633
2020-09-09,113.79731750488281,163.4304962158203,62.5793342590332,76.68154907226562,127.56612396240234,201.31524658203125,50.01900100708008,25.316375732421875,281.5836486816406,29.88286018371582
2020-09-10,110.08231353759766,158.7554931640625,61.10929489135742,75.6318588256836,125.18859100341797,195.67474365234375,48.06700134277344,24.94551658630371,274.887451171875,29.13479995727539
2020-09-11,108.63704681396484,155.81100463867188,60.74959182739258,75.12187957763672,125.93000793457031,194.39796447753906,48.202999114990234,25.23940086364746,273.19287109375,29.05606460571289
2020-09-14,111.89615631103516,155.14849853515625,60.43679428100586,74.77841186523438,126.41570281982422,195.71286010742188,47.625999450683594,25.89715576171875,279.6176452636719,28.867080688476562
2020-09-15,112.07074737548828,157.80650329589844,59.701786041259766,76.08136749267578,126.8758316040039,198.92376708984375,49.5989990234375,25.862165451049805,278.40338134765625,28.559980392456055
2020-09-16,108.76312255859375,153.90499877929688,61.42988586425781,74.93998718261719,126.45829010009766,195.36981201171875,48.38600158691406,25.7362117767334,277.760009765625,29.77261734008789
2020-09-17,107.02688598632812,150.43649291992188,61.60974884033203,73.6985092163086,125.41014862060547,193.3308563232422,47.02000045776367,25.764204025268555,276.36456298828125,29.764741897583008
2020-09-18,103.63197326660156,147.74549865722656,61.15618896484375,71.91678619384766,127.12296295166016,190.92982482910156,46.99599838256836,25.631258010864258,279.1192932128906,29.284414291381836
2020-09-21,106.77471923828125,148.02349853515625,59.66268539428711,70.87850952148438,123.6462173461914,192.97830200195312,48.73500061035156,25.20441436767578,271.1177673339844,28.68597412109375
2020-09-22,108.45274353027344,156.44949340820312,59.060585021972656,72.3494644165039,122.8878402709961,197.6279296875,49.117000579833984,25.365358352661133,266.65032958984375,27.977283477783203
2020-09-23,103.90357208251953,149.9929962158203,56.26120376586914,69.8501205444336,123.08380889892578,191.12039184570312,47.06100082397461,25.19042205810547,264.72918701171875,27.079614639282227
2020-09-24,104.97055053710938,150.989501953125,56.143917083740234,70.51770782470703,123.27977752685547,193.59764099121094,47.30799865722656,25.02248764038086,265.20050048828125,27.024497985839844
2020-09-25,108.90866088867188,154.75650024414062,56.16737365722656,71.3205795288086,124.12340545654297,198.00900268554688,48.28799819946289,25.22540855407715,274.1172180175781,27.27647590637207
2020-09-28,111.50816345214844,158.70249938964844,57.8094596862793,72.2919692993164,125.35902404785156,199.55255126953125,49.064998626708984,25.463319778442383,274.7786560058594,27.80405044555664
2020-09-29,110.6642837524414,157.24400329589844,56.222103118896484,72.65673828125,125.31642150878906,197.4755096435547,49.347999572753906,25.309375762939453,275.6123962402344,26.99300193786621
2020-09-30,112.3326416015625,157.43649291992188,56.3003044128418,72.63591766357422,126.86734008789062,200.4005584716797,50.00299835205078,25.68023109436035,282.5174865722656,27.032373428344727
2020-10-01,113.28321838378906,161.06300354003906,55.064823150634766,73.74111938476562,125.53797149658203,202.42999267578125,52.750999450683594,25.449325561523438,283.6954650878906,26.08745765686035
2020-10-02,109.62640380859375,156.25,55.66691970825195,72.14031219482422,124.61767578125,196.4560089111328,50.305999755859375,25.45631980895996,282.7077331542969,25.969343185424805
2020-10-05,113.00193786621094,159.9600067138672,56.8476448059082,73.4898452758789,126.31343841552734,200.44821166992188,52.064998626708984,25.71522331237793,288.298828125,26.567790985107422
2020-10-06,109.76222229003906,154.9980010986328,56.534889221191406,71.91333770751953,124.63472747802734,196.189208984375,50.58700180053711,25.309375762939453,284.9459228515625,26.292190551757812
2020-10-07,111.62455749511719,159.7845001220703,57.69217300415039,72.31576538085938,126.01520538330078,199.9241943359375,53.465999603271484,25.5192928314209,292.8477478027344,26.378808975219727
2020-10-08,111.51786804199219,159.52749633789062,58.818180084228516,73.51959228515625,126.8758316040039,200.63877868652344,53.17900085449219,25.813186645507812,292.1592102050781,27.76467514038086
2020-10-09,113.45780181884766,164.33250427246094,57.864200592041016,74.85871124267578,128.64834594726562,205.62184143066406,53.944000244140625,25.743209838867188,297.0796203613281,27.35521697998047
2020-10-12,120.66472625732422,172.14649963378906,58.26298141479492,77.54191589355469,129.38970947265625,210.94793701171875,53.98099899291992,25.764204025268555,299.0097961425781,27.268604278564453
2020-10-13,117.46381378173828,172.18150329589844,57.39502716064453,77.66483306884766,126.42423248291016,212.3390350341797,55.409000396728516,25.820186614990234,300.32373046875,26.945756912231445
2020-10-14,117.55110931396484,168.1855010986328,57.04314422607422,77.48491668701172,126.2026596069336,210.43345642089844,54.14500045776367,25.792192459106445,291.6517028808594,26.890634536743164
2020-10-15,117.08554077148438,166.9324951171875,57.481048583984375,77.08992767333984,125.42720794677734,209.2901153564453,54.194000244140625,25.575273513793945,294.11639404296875,27.12686538696289
2020-10-16,115.4462661743164,163.635498046875,56.996238708496094,77.69605255126953,126.2026596069336,209.2901153564453,53.07899856567383,26.554903030395508,298.9462890625,26.85126495361328
2020-10-19,112.49754333496094,160.36050415039062,55.73729705810547,75.82514953613281,122.98152923583984,204.10690307617188,53.071998596191406,26.44993782043457,293.7992248535156,26.315814971923828
2020-10-20,113.98160552978516,160.85049438476562,56.05006790161133,76.8723373413086,123.17755889892578,204.5166015625,52.54199981689453,26.233030319213867,293.0653076171875,26.53628921508789
2020-10-21,113.36080932617188,159.2469940185547,55.416709899902344,78.60250854492188,122.64920043945312,204.65956115722656,48.904998779296875,25.946136474609375,292.5034484863281,26.111083984375
2020-10-22,112.27444458007812,158.82000732421875,57.39502716064453,79.62693786621094,123.62918090820312,204.74530029296875,48.52299880981445,26.191041946411133,295.1676940917969,27.4497127532959
2020-10-23,111.58576202392578,160.22000122070312,56.746002197265625,80.93136596679688,123.76556396484375,206.0220489501953,48.827999114990234,26.715835571289062,299.5806579589844,26.89851188659668
2020-10-26,111.59547424316406,160.3520050048828,55.47145462036133,78.51824951171875,122.68328094482422,200.162353515625,48.82400131225586,26.533906936645508,292.74810791015625,26.26069450378418
2020-10-27,113.09892272949219,164.31649780273438,54.353248596191406,79.24134063720703,121.98454284667969,203.1827392578125,48.893001556396484,26.191041946411133,290.4373779296875,25.84335708618164
2020-10-28,107.86105346679688,158.13900756835938,52.29671859741211,74.87605285644531,117.90276336669922,193.1116943359375,48.624000549316406,24.805566787719727,279.10113525390625,24.859071731567383
2020-10-29,111.85736846923828,160.55050659179688,53.798057556152344,77.1598129272461,116.90576171875,195.055419921875,50.42100143432617,24.686613082885742,275.1865539550781,25.96147346496582
2020-10-30,105.5913314819336,151.8074951171875,54.34542465209961,80.09527587890625,116.83757781982422,192.91160583496094,47.57400131225586,24.826560974121094,276.5094909667969,25.685867309570312
2020-11-02,105.5040054321289,150.2239990234375,56.417598724365234,80.50218200683594,118.18395233154297,192.77821350097656,48.4119987487793,25.351364135742188,282.8163757324219,26.7646484375
2020-11-03,107.1239013671875,152.42050170898438,56.09698486328125,81.5597915649414,118.02206420898438,196.6846466064453,48.72200012207031,25.323366165161133,291.198486328125,26.307941436767578
2020-11-04,111.49847412109375,162.05799865722656,56.12044143676758,86.52526092529297,118.78899383544922,206.1744842529297,49.69499969482422,26.121068954467773,321.2926330566406,26.16620635986328
2020-11-05,115.4559555053711,166.10000610351562,56.40977096557617,87.35045623779297,119.09576416015625,212.7487335205078,51.375999450683594,25.72518539428711,321.1475830078125,26.11895179748535
2020-11-06,115.32479095458984,165.56849670410156,55.63563919067383,87.21316528320312,121.21761322021484,213.15846252441406,51.472999572753906,25.73225212097168,314.8586730957031,25.811853408813477
2020-11-09,113.02200317382812,157.18699645996094,62.08673095703125,87.29692077636719,124.4813232421875,208.080078125,47.04999923706055,27.711658477783203,317.160400390625,29.079689025878906
2020-11-10,112.6819076538086,151.75100708007812,64.95647430419922,86.12234497070312,126.35603332519531,201.0484619140625,48.02399826049805,27.344057083129883,320.5041809082031,29.724824905395508
2020-11-11,116.10213470458984,156.8695068359375,64.4794692993164,86.5936508178711,125.94703674316406,206.32691955566406,49.07600021362305,27.216812133789062,318.7008972167969,29.41838264465332
2020-11-12,115.83004760742188,155.51400756835938,63.079776763916016,86.3750991821289,126.37310791015625,205.26934814453125,48.676998138427734,26.545225143432617,321.1567077636719,28.41034698486328
2020-11-13,115.87862396240234,156.4405059814453,64.9251937866211,87.83415985107422,127.73650360107422,206.288818359375,48.284000396728516,27.301639556884766,322.2984924316406,29.095806121826172
2020-11-16,116.88916778564453,156.55299377441406,69.5621337890625,87.92186737060547,128.54605102539062,206.9748077392578,47.90999984741211,26.389705657958984,323.3404235839844,30.773178100585938
2020-11-17,116.00495147705078,156.7830047607422,69.06227111816406,87.3088150024414,127.26781463623047,204.3355712890625,48.0629997253418,26.853559494018555,319.0633544921875,31.184452056884766
2020-11-18,114.68350219726562,155.2729949951172,66.8723373413086,86.26705169677734,125.58058166503906,201.6416778564453,48.17900085449219,27.062192916870117,312.1854553222656,30.00707244873047
2020-11-19,115.27619934082031,155.8509979248047,68.02284240722656,87.15567779541016,125.38459777832031,202.92176818847656,48.46699905395508,26.96532440185547,305.380126953125,30.16029930114746
2020-11-20,114.01307678222656,154.97000122070312,68.07044982910156,86.05592346191406,124.71991729736328,200.98252868652344,48.82400131225586,27.345327377319336,303.2960205078125,29.789329528808594
2020-11-23,110.62202453613281,154.91949462890625,72.22816467285156,85.61878967285156,123.45000457763672,200.71502685546875,47.6619987487793,27.211210250854492,303.6221923828125,31.740886688232422
2020-11-24,111.90459442138672,155.9029998779297,75.87012481689453,87.41983032226562,123.45000457763672,204.29737854003906,48.28799819946289,27.27082633972168,304.4830322265625,33.85371780395508
2020-11-25,112.74020385742188,159.2534942626953,73.10887145996094,87.43121337890625,123.2869644165039,204.3069305419922,48.5,27.218660354614258,301.9276428222656,32.91020965576172
2020-11-27,113.28433227539062,159.76699829101562,72.45032501220703,88.565673828125,123.5615463256836,205.6061248779297,49.13600158691406,27.7402286529541,306.23199462890625,32.41021728515625
2020-11-30,115.67459869384766,158.40199279785156,69.1733627319336,86.94900512695312,124.14501190185547,204.4980010986328,49.06999969482422,28.544946670532227,304.7821350097656,30.748973846435547
2020-12-01,119.24054718017578,161.00399780273438,69.38758850097656,88.97900390625,126.52185821533203,206.5423583984375,50.45800018310547,29.36455535888672,309.1770324707031,31.047361373901367
2020-12-02,119.59033203125,160.17649841308594,71.30775451660156,90.44648742675781,127.11392974853516,205.7398223876953,50.3380012512207,30.40025520324707,314.9493713378906,32.2086067199707
2020-12-03,119.45429992675781,159.3365020751953,71.25221252441406,90.29137420654297,127.85186004638672,204.66038513183594,49.75199890136719,29.87123680114746,315.96429443359375,32.42634582519531
2020-12-04,118.78387451171875,158.12899780273438,74.01343536376953,90.38650512695312,128.9416046142578,204.77503967285156,49.83100128173828,30.057506561279297,318.2014465332031,33.611785888671875
2020-12-07,120.24132537841797,157.89999389648438,72.013916015625,90.05298614501953,127.82611846923828,204.70814514160156,51.577999114990234,30.735549926757812,316.35528564453125,32.9827880859375
2020-12-08,120.85346984863281,158.864501953125,72.6328125,89.7704849243164,130.03994750976562,206.35122680664062,51.26599884033203,31.711641311645508,316.35528564453125,34.06338882446289
2020-12-09,118.32717895507812,155.2100067138672,71.7600326538086,88.1116943359375,131.36993408203125,202.32949829101562,49.36000061035156,31.182615280151367,313.2177429199219,34.514984130859375
2020-12-10,119.74577331542969,155.07449340820312,74.0689697265625,87.60568237304688,130.64056396484375,201.10670471191406,50.10900115966797,31.093204498291016,308.8888854980469,35.490753173828125
2020-12-11,118.93933868408203,155.8209991455078,73.35486602783203,87.96003723144531,131.24124145507812,203.72421264648438,50.321998596191406,30.638687133789062,306.5425720214844,35.32141876220703
2020-12-14,118.32717895507812,157.84849548339844,70.96656036376953,86.84294891357422,127.91191864013672,204.6221466064453,52.242000579833984,29.215539932250977,305.6876220703125,34.04725646972656
2020-12-15,124.25423431396484,158.25599670410156,70.91102600097656,87.28005981445312,129.1990509033203,204.55526733398438,51.97800064086914,28.842987060546875,308.90704345703125,34.708534240722656
2020-12-16,124.18622589111328,162.04800415039062,70.3714599609375,87.0872802734375,128.4267578125,209.4750518798828,52.483001708984375,28.194746017456055,308.60693359375,35.24076843261719
2020-12-17,125.05096435546875,161.8040008544922,70.14933013916016,86.26060485839844,131.81613159179688,209.60877990722656,53.290000915527344,28.336318969726562,310.7259216308594,35.063350677490234
2020-12-18,123.06883239746094,160.08250427246094,69.18130493164062,85.55238342285156,132.57980346679688,208.81593322753906,53.44499969482422,28.075525283813477,307.73394775390625,34.458534240722656
2020-12-21,124.59431457519531,160.3090057373047,68.30847930908203,85.96571350097656,131.3013153076172,212.63702392578125,52.89099884033203,27.85199737548828,305.6421813964844,33.829524993896484
2020-12-22,128.14080810546875,160.3260040283203,66.93582916259766,85.25503540039062,131.04385375976562,213.92666625976562,52.733001708984375,27.375137329101562,304.66912841796875,33.25696563720703
2020-12-23,127.24689483642578,159.2635040283203,67.99111938476562,85.65199279785156,130.3745880126953,211.13719177246094,51.448001861572266,27.89670753479004,307.015380859375,33.68436813354492
2020-12-24,128.228271484375,158.63450622558594,67.70547485351562,85.94590759277344,130.82936096191406,212.7898406982422,51.39699935913086,27.770042419433594,309.9256286621094,33.547271728515625
2020-12-28,132.81443786621094,164.197998046875,67.36427307128906,87.91841125488281,131.44717407226562,214.9010467529297,51.9119987487793,27.434741973876953,314.6182861328125,33.660179138183594
2020-12-29,131.04605102539062,166.10000610351562,67.13417053222656,87.11553192138672,132.26234436035156,214.12725830078125,53.08700180053711,27.606111526489258,315.89154052734375,33.281166076660156
2020-12-30,129.9286651611328,164.29249572753906,67.70547485351562,86.04946899414062,133.90118408203125,211.76766967773438,52.45899963378906,27.375137329101562,313.74517822265625,33.547271728515625
2020-12-31,128.92782592773438,162.84649658203125,67.0072250366211,86.86177062988281,135.04244995117188,212.474609375,54.073001861572266,27.427288055419922,318.9198913574219,33.240840911865234
2021-01-04,125.74083709716797,159.3314971923828,67.21351623535156,85.54792022705078,134.28736877441406,207.9561309814453,52.2859992980957,27.427288055419922,317.8467102050781,33.466636657714844
2021-01-05,127.29550170898438,160.92550659179688,69.03053283691406,86.23780822753906,135.86619567871094,208.15673828125,52.08000183105469,27.710432052612305,313.57244873046875,35.07948303222656
2021-01-06,123.01052856445312,156.91900634765625,71.25221252441406,85.38685607910156,137.1447296142578,202.75936889648438,50.04899978637695,27.471994400024414,326.7319030761719,35.9746208190918
2021-01-07,127.20803833007812,158.10800170898438,71.58545684814453,87.93724060058594,137.60804748535156,208.52928161621094,50.888999938964844,27.613567352294922,331.9703063964844,36.256866455078125
2021-01-08,128.3059844970703,159.13499450683594,72.2678451538086,89.10142517089844,137.3249053955078,209.79981994628906,51.040000915527344,27.66572380065918,330.478759765625,36.660072326660156
2021-01-11,125.32303619384766,155.7104949951172,72.68041229248047,87.04267120361328,136.75003051757812,207.7650909423828,49.90999984741211,28.14259147644043,328.07794189453125,37.772945404052734
2021-01-12,125.14814758300781,156.04150390625,74.06102752685547,86.10794830322266,135.68601989746094,205.31951904296875,49.42499923706055,27.70297622680664,325.00396728515625,38.61162567138672
2021-01-13,127.1788558959961,158.29449462890625,73.98961639404297,86.59464263916016,135.48007202148438,206.66650390625,50.77899932861328,27.46454429626465,322.8849792480469,39.047096252441406
2021-01-14,125.25503540039062,156.37350463867188,75.76695251464844,85.78530883789062,137.84835815429688,203.49496459960938,50.08599853515625,27.382587432861328,318.7834167480469,40.57124328613281
2021-01-15,123.53520965576172,155.21249389648438,73.06922912597656,85.62176513671875,137.5480194091797,203.14146423339844,49.79800033569336,27.345327377319336,319.4837341308594,38.619686126708984
2021-01-19,124.20562744140625,156.03799438476562,74.98938751220703,88.43930053710938,139.67599487304688,206.7620391845703,50.176998138427734,27.367679595947266,320.2931823730469,39.38579559326172
2021-01-20,128.2865753173828,163.16900634765625,75.67967987060547,93.17727661132812,139.3328094482422,214.3087615966797,58.63399887084961,27.196311950683594,319.0654296875,39.94222640991211
2021-01-21,132.98936462402344,165.34950256347656,73.00574493408203,93.3794937133789,138.7750244140625,214.91061401367188,57.98400115966797,27.18140411376953,322.8486022949219,38.7971076965332
2021-01-22,135.126953125,164.6114959716797,72.78358459472656,93.7962875366211,140.33670043945312,215.8468017578125,56.516998291015625,27.23356056213379,316.0733947753906,38.24873733520508
2021-01-25,138.8677978515625,164.6999969482422,72.12500762939453,93.88153076171875,142.42176818847656,219.26669311523438,55.678001403808594,27.777484893798828,316.3098449707031,37.821327209472656
2021-01-26,139.1009979248047,166.30650329589844,70.90309143066406,94.55902099609375,146.2830810546875,221.9415283203125,56.19300079345703,27.799833297729492,312.0355529785156,36.99070739746094
2021-01-27,138.0321807861328,161.62899780273438,69.98268127441406,90.14763641357422,144.05213928222656,222.4860076904297,52.327999114990234,27.002578735351562,302.83203125,36.571380615234375
2021-01-28,133.203125,161.88099670410156,70.63330841064453,91.84558868408203,145.15048217773438,228.24639892578125,53.86000061035156,27.010112762451172,307.524658203125,37.14392852783203
2021-01-29,128.21856689453125,160.30999755859375,67.60232543945312,90.56492614746094,139.97637939453125,221.5880584716797,53.23899841308594,27.040241241455078,303.3685302734375,36.16009521484375
2021-02-01,130.33677673339844,167.1439971923828,68.5624008178711,93.82157135009766,139.61598205566406,228.93417358398438,53.90399932861328,26.96491813659668,303.7505798339844,36.22460174560547
2021-02-02,131.16262817382812,169.0,69.0781478881836,95.11260986328125,138.36318969726562,228.8004608154297,54.816001892089844,26.35482406616211,308.0430603027344,36.797176361083984
2021-02-03,130.14239501953125,165.62649536132812,70.58570098876953,102.03919219970703,137.71963500976562,232.13438415527344,53.94499969482422,26.24183464050293,307.288330078125,38.24066925048828
2021-02-04,133.4945831298828,166.5500030517578,70.61743927001953,101.77900695800781,138.99813842773438,231.18869018554688,55.215999603271484,26.279499053955078,299.4944763183594,38.974517822265625
2021-02-05,133.08102416992188,167.6074981689453,70.82373809814453,103.52352905273438,141.1089630126953,231.3701629638672,55.07899856567383,26.30209732055664,295.1201171875,40.280921936035156
2021-02-08,133.22698974609375,166.14700317382812,72.58522033691406,103.30992126464844,141.51226806640625,231.62811279296875,54.79199981689453,26.226770401000977,294.9655456542969,42.014732360839844
2021-02-09,132.35121154785156,165.25,72.17261505126953,102.8574447631836,142.6707000732422,232.86996459960938,55.90700149536133,26.339757919311523,299.77630615234375,41.52267074584961
2021-02-10,131.74786376953125,164.32899475097656,73.410400390625,103.40705871582031,143.13400268554688,231.96246337890625,56.35900115966797,26.166519165039062,303.20489501953125,41.92453384399414
2021-02-11,131.49484252929688,163.10650634765625,73.01366424560547,103.51956939697266,142.490478515625,233.5578155517578,55.75899887084961,25.933019638061523,302.9047546386719,40.87478256225586
2021-02-12,131.72837829589844,163.885498046875,73.43421173095703,103.83082580566406,142.9366912841797,234.035400390625,55.652000427246094,26.151456832885742,298.5122375488281,41.43245315551758
2021-02-16,129.6070556640625,163.44749450683594,74.93892669677734,104.60741424560547,141.6409912109375,232.8030548095703,55.72800064086914,26.12885856628418,295.2201232910156,42.67903518676758
2021-02-17,127.32029724121094,165.4320068359375,77.18396759033203,104.99995422363281,142.14723205566406,233.81802368164062,55.13399887084961,26.279499053955078,297.2572021484375,43.34333419799805
2021-02-18,126.220703125,166.4114990234375,76.44368743896484,104.36506652832031,142.2158966064453,233.4254608154297,54.821998596191406,26.030946731567383,298.6669006347656,42.66263198852539
2021-02-19,126.37635040283203,162.4949951171875,77.08740997314453,103.52253723144531,139.84762573242188,230.72535705566406,54.02199935913086,25.940553665161133,295.1837463378906,42.949684143066406
2021-02-22,122.61048126220703,159.03700256347656,79.17151641845703,101.81021881103516,139.7612762451172,224.53997802734375,53.37799835205078,25.804973602294922,297.9665832519531,44.53251266479492
2021-02-23,122.47425842285156,159.72500610351562,80.16929626464844,102.10063934326172,138.52659606933594,223.3527069091797,54.6150016784668,25.541349411010742,299.667236328125,45.14759826660156
2021-02-24,121.97795867919922,157.97650146484375,83.1304931640625,103.27474212646484,140.38294982910156,224.57827758789062,55.340999603271484,25.42083740234375,302.1226501464844,46.50080871582031
2021-02-25,117.73526000976562,152.85800170898438,82.35800170898438,99.91155242919922,140.52969360351562,219.25469970703125,54.66999816894531,25.473567962646484,299.0852355957031,45.729888916015625
2021-02-26,117.99796295166016,154.64649963378906,80.46702575683594,100.20694732666016,136.81704711914062,222.5005340576172,53.8849983215332,25.225008010864258,302.1317443847656,44.58992385864258
2021-03-01,124.35232543945312,157.3070068359375,82.11660766601562,102.5734634399414,137.5595703125,226.86669921875,55.06399917602539,25.37564468383789,304.3417053222656,46.25476837158203
2021-03-02,121.754150390625,154.72650146484375,82.43040466308594,102.31673431396484,137.30055236816406,223.92721557617188,54.78200149536133,25.240070343017578,304.3326416015625,45.9841194152832
2021-03-03,118.7764663696289,150.25,83.35580444335938,99.68656158447266,134.8830108642578,217.88548278808594,52.06999969482422,25.90289878845215,302.7229919433594,46.353172302246094
2021-03-04,116.89838409423828,148.8784942626953,84.08804321289062,100.80266571044922,132.1632537841797,217.09075927734375,51.12900161743164,25.759784698486328,303.5777893066406,48.14924621582031
2021-03-05,118.15367889404297,150.0229949951172,87.70905303955078,103.9319076538086,134.77938842773438,221.75372314453125,51.638999938964844,25.90289878845215,315.6641845703125,49.969905853271484
2021-03-08,113.22979736328125,147.59750366210938,88.31257629394531,99.4927749633789,135.9018096923828,217.72268676757812,49.33300018310547,25.872758865356445,318.4560546875,49.92069625854492
2021-03-09,117.83255767822266,153.1425018310547,88.11141204833984,101.12134552001953,136.16082763671875,223.8410186767578,50.64400100708008,25.948091506958008,320.1022033691406,49.14978790283203
2021-03-10,116.75242614746094,152.8820037841797,89.61613464355469,100.9146728515625,137.4127655029297,222.5388641357422,50.45399856567383,26.30962371826172,317.937744140625,50.65880584716797
2021-03-11,118.67916107177734,155.67950439453125,89.47127532958984,104.10388946533203,137.40419006347656,227.048583984375,52.305999755859375,26.1439208984375,321.1207580566406,50.28154754638672
2021-03-12,117.77417755126953,154.47450256347656,89.76902770996094,101.59909057617188,137.80136108398438,225.72727966308594,51.801998138427734,26.31715965270996,324.926513671875,50.82282638549805
2021-03-15,120.654541015625,154.08399963378906,88.71489715576172,101.81913757324219,138.5093536376953,224.82725524902344,52.025001525878906,26.671165466308594,322.97344970703125,49.527034759521484
2021-03-16,122.19205474853516,154.59300231933594,86.61469268798828,103.2787094116211,139.32958984375,227.60394287109375,52.40299987792969,26.987518310546875,323.630615234375,48.47728729248047
2021-03-17,121.40383911132812,156.7864990234375,86.92852783203125,103.19593811035156,138.81150817871094,226.96243286132812,52.444000244140625,26.95738983154297,321.42193603515625,48.690513610839844
2021-03-18,117.28763580322266,151.39950561523438,83.78227996826172,100.1786880493164,138.552490234375,220.9111328125,50.479000091552734,26.94232749938965,330.429931640625,46.59100341796875
2021-03-19,116.76216125488281,153.7480010986328,83.18681335449219,100.45722198486328,138.18124389648438,220.556884765625,51.21799850463867,26.761552810668945,333.6515197753906,46.32856750488281
2021-03-22,120.07068634033203,155.5435028076172,82.51090240478516,100.64208221435547,138.57839965820312,225.95704650878906,52.31100082397461,27.115564346313477,334.8197937011719,45.852901458740234
2021-03-23,119.24353790283203,156.875,82.05223846435547,101.16940307617188,138.4488983154297,227.4794921875,53.50899887084961,26.633508682250977,336.3166198730469,45.28701400756836
2021-03-24,116.85946655273438,154.35350036621094,84.24898529052734,100.73328399658203,139.7958221435547,225.44956970214844,52.08100128173828,26.821809768676758,338.233154296875,46.205543518066406
2021-03-25,117.34600830078125,152.31300354003906,84.54671478271484,100.72979736328125,139.84764099121094,222.46224975585938,50.2859992980957,26.867006301879883,338.6803894042969,46.0743293762207
2021-03-26,117.9493179321289,152.60150146484375,86.48597717285156,100.34671020507812,142.40335083007812,226.42628479003906,50.80500030517578,27.30386734008789,343.59967041015625,47.3291130065918
2021-03-29,118.12450408935547,153.7864990234375,86.03534698486328,101.39044189453125,143.3617401123047,225.2389678955078,51.39500045776367,27.58255386352539,345.954345703125,47.074886322021484
2021-03-30,116.674560546875,152.76449584960938,85.23873138427734,101.42414855957031,142.472412109375,221.9931182861328,51.3390007019043,27.19841766357422,340.9346618652344,46.492591857910156
2021-03-31,118.86404418945312,154.70399475097656,84.32139587402344,102.21958923339844,141.90255737304688,225.74644470214844,52.16600036621094,27.28879737854004,339.5748291015625,45.787296295166016
2021-04-01,119.69119262695312,158.0500030517578,85.09387969970703,105.55303192138672,140.59017944335938,232.0467071533203,53.94200134277344,27.34153175354004,335.0115051269531,47.06666946411133
2021-04-05,122.5131607055664,161.3365020751953,84.0960922241211,109.97284698486328,141.10824584960938,238.48098754882812,54.06700134277344,27.326461791992188,337.849853515625,46.33676528930664
2021-04-06,122.81482696533203,161.1909942626953,83.34774780273438,109.49210357666016,141.0736846923828,237.32244873046875,54.452999114990234,27.153221130371094,332.54730224609375,46.205543518066406
2021-04-07,124.45935821533203,163.96949768066406,83.8386001586914,110.967529296875,141.2636260986328,239.27572631835938,54.69900131225586,27.047773361206055,333.7063903808594,46.410587310791016
2021-04-08,126.85320281982422,164.96499633789062,82.89713287353516,111.53250885009766,140.7110595703125,242.4832763671875,55.45800018310547,27.085433959960938,333.02191162109375,45.92671203613281
2021-04-09,129.4221649169922,168.61000061035156,82.81665802001953,112.5356216430664,139.2259979248047,244.9727325439453,55.53099822998047,27.56749725341797,343.4354248046875,45.820091247558594
2021-04-12,127.70952606201172,168.96949768066406,81.89933776855469,111.24456787109375,139.5626983642578,245.03016662597656,55.27799987792969,27.846181869506836,343.4171447753906,45.51665496826172
2021-04-13,130.81365966796875,170.0,82.26949310302734,111.73075866699219,137.69775390625,247.50051879882812,55.37300109863281,27.989295959472656,341.7925720214844,45.688880920410156
2021-04-14,128.478271484375,166.64999389648438,83.9029769897461,111.1102523803711,138.07763671875,244.72377014160156,54.00199890136719,27.996816635131836,342.8238525390625,47.00926971435547
2021-04-15,130.88180541992188,168.95449829101562,83.21900177001953,113.25820922851562,138.4834442138672,248.4676055908203,54.922000885009766,28.32069969177246,355.9479064941406,46.73042678833008
2021-04-16,130.55093383789062,169.9720001220703,82.84884643554688,113.13432312011719,140.08078002929688,249.65481567382812,54.65399932861328,29.05130958557129,356.86065673828125,46.46799087524414
2021-04-19,131.21267700195312,168.60049438476562,83.09025573730469,113.48174285888672,140.4693145751953,247.73985290527344,55.444000244140625,29.32246208190918,355.7928161621094,46.320369720458984
2021-04-20,129.5291748046875,166.7344970703125,81.53722381591797,112.94896697998047,143.7416534423828,247.28030395507812,54.957000732421875,29.397789001464844,361.8985900878906,45.344425201416016
2021-04-21,129.9087371826172,168.1009979248047,82.66378784179688,112.91625213623047,143.8366241455078,249.50164794921875,50.88999938964844,29.774391174316406,363.9794616699219,45.92671203613281
2021-04-22,128.3906707763672,165.45199584960938,81.23145294189453,111.63610076904297,142.61920166015625,246.23663330078125,50.87799835205078,29.104028701782227,361.9077453613281,45.32801818847656
2021-04-23,130.70663452148438,167.04400634765625,81.7142562866211,113.98576354980469,142.91273498535156,250.0474090576172,50.55500030517578,29.11910057067871,365.34844970703125,45.57406234741211
2021-04-26,131.09588623046875,170.4499969482422,81.69011688232422,114.48137664794922,141.70401000976562,250.4303741455078,51.029998779296875,29.134166717529297,361.2870788574219,45.664268493652344
2021-04-27,130.7747802734375,170.8715057373047,82.63963317871094,113.54220581054688,140.8923797607422,250.83255004882812,50.55500030517578,28.960927963256836,360.0458984375,46.26296615600586
2021-04-28,129.98655700683594,172.9250030517578,84.66739654541016,116.915283203125,139.8562774658203,243.73757934570312,50.652000427246094,29.23208999633789,360.1279296875,47.65716552734375
2021-04-29,129.88925170898438,173.5655059814453,86.01924133300781,118.58647155761719,141.77304077148438,241.77471923828125,50.900001525878906,29.073904037475586,366.4801025390625,48.337860107421875
2021-04-30,127.92361450195312,173.37100219726562,82.9373550415039,116.64071655273438,140.5038299560547,241.45875549316406,51.34700012207031,29.1115665435791,363.97027587890625,46.94366455078125
2021-05-03,128.97454833984375,169.32449340820312,84.9168472290039,116.1242904663086,142.64512634277344,241.1523895263672,50.9109992980957,30.00035858154297,370.45025634765625,48.23944854736328
2021-05-04,124.41071319580078,165.593505859375,85.38356018066406,114.3277359008789,144.85543823242188,237.2554168701172,50.31800079345703,30.090744018554688,375.4150695800781,48.54288864135742
2021-05-05,124.65399169921875,163.52699279785156,87.67688751220703,114.72126007080078,144.2510986328125,235.99154663085938,49.608001708984375,30.105810165405273,376.47381591796875,50.00271224975586
2021-05-06,126.2498550415039,165.31849670410156,87.72515106201172,115.84031677246094,144.82955932617188,239.11293029785156,49.95500183105469,29.809160232543945,378.72808837890625,50.4783821105957
2021-05-07,126.92245483398438,164.58050537109375,88.52983093261719,116.56290435791016,145.48574829101562,241.72682189941406,50.38399887084961,30.10581398010254,381.17401123046875,51.200077056884766
2021-05-10,123.64727783203125,159.52450561523438,88.16773986816406,113.58036041259766,147.01402282714844,236.67135620117188,48.66899871826172,30.31878089904785,384.13104248046875,51.32310104370117
2021-05-11,122.73101806640625,161.19549560546875,85.85832214355469,112.50540161132812,145.8138885498047,235.76173400878906,49.507999420166016,29.93086814880371,375.74371337890625,49.69105911254883
2021-05-12,119.67029571533203,157.5970001220703,86.39744567871094,109.04556274414062,145.2267303466797,228.839111328125,48.49800109863281,30.18947410583496,369.966552734375,49.95732498168945
2021-05-13,121.81475067138672,158.07350158691406,85.84223937988281,110.47242736816406,146.74635314941406,232.6977996826172,48.66600036621094,30.50133514404297,372.8779602050781,49.34158706665039
2021-05-14,124.23213195800781,161.14500427246094,88.0872573852539,112.917724609375,146.97084045410156,237.60011291503906,49.33700180053711,30.440488815307617,374.0096435546875,50.564735412597656
2021-05-17,123.08194732666016,163.51950073242188,89.16551208496094,113.44009399414062,147.1176300048828,234.75633239746094,48.89400100708008,30.508939743041992,372.9418640136719,51.74626541137695
2021-05-18,121.69778442382812,161.61399841308594,86.48574829101562,112.12922668457031,147.16943359375,232.7456512451172,48.62799835205078,30.463302612304688,374.5389709472656,50.281829833984375
2021-05-19,121.54180908203125,161.58999633789062,84.05847930908203,112.5767593383789,146.84991455078125,233.32150268554688,48.77000045776367,30.29596519470215,373.73577880859375,49.07533264160156
2021-05-20,124.09565734863281,162.38400268554688,84.35167694091797,114.33367919921875,147.70472717285156,236.5460662841797,50.16699981689453,30.516551971435547,372.950927734375,48.958839416503906
2021-05-21,122.26313781738281,160.1540069580078,84.8078384399414,113.69829559326172,147.6097412109375,235.28887939453125,49.78900146484375,30.387243270874023,375.6797790527344,49.02540588378906
2021-05-24,123.89095306396484,162.24949645996094,86.01331329345703,117.014404296875,148.17445373535156,240.6727294921875,50.290000915527344,30.280750274658203,375.0592346191406,49.59953689575195
2021-05-25,123.69599914550781,162.95249938964844,84.60420989990234,117.10511016845703,147.76611328125,241.5748291015625,50.13399887084961,29.9156494140625,376.975830078125,48.47624588012695
2021-05-26,123.64727783203125,163.25799560546875,84.8078384399414,117.96945190429688,146.88864135742188,241.3541259765625,50.236000061035156,29.60379409790039,377.1217041015625,49.04204559326172
2021-05-27,122.11691284179688,161.5054931640625,83.90372467041016,117.09568786621094,146.6627197265625,239.261962890625,50.38600158691406,29.398414611816406,376.6562194824219,48.725868225097656
2021-05-28,121.46382141113281,161.15350341796875,84.53903198242188,116.80674743652344,147.04501342773438,239.61709594726562,50.28099822998047,29.459274291992188,375.9444885253906,48.56777572631836
2021-06-01,121.14217376708984,160.9324951171875,86.86856842041016,118.0125503540039,143.8130645751953,237.428955078125,49.90800094604492,29.28432846069336,371.1986083984375,50.306793212890625
2021-06-02,121.90248107910156,161.69949340820312,88.03333282470703,117.48771667480469,144.39517211914062,237.33302307128906,49.92399978637695,29.504911422729492,370.40460205078125,50.70618438720703
2021-06-03,120.42084503173828,159.35049438476562,87.63421630859375,116.34730529785156,144.25613403320312,235.80709838867188,48.94300079345703,29.64181900024414,372.33026123046875,50.90587615966797
2021-06-04,122.71151733398438,160.31100463867188,88.3346939086914,118.6266098022461,144.1953582763672,240.68234252929688,49.4739990234375,29.77874183654785,370.21295166015625,51.13053894042969
2021-06-07,122.72126007080078,159.90049743652344,87.76453399658203,119.05927276611328,143.213623046875,243.58062744140625,49.465999603271484,29.65703582763672,365.2936706542969,50.79770278930664
2021-06-08,123.54004669189453,163.20550537109375,88.56275939941406,118.86796569824219,141.953857421875,242.39060974121094,49.23899841308594,29.55054473876953,366.6535339355469,51.69634246826172
2021-06-09,123.92021179199219,164.0574951171875,87.7889633178711,119.33880615234375,143.86521911621094,243.36947631835938,48.58100128173828,30.280750274658203,366.0694274902344,52.1290168762207
2021-06-10,122.92597961425781,167.4824981689453,88.30215454101562,120.68635559082031,145.1597137451172,246.8723602294922,48.72700119018555,30.9425106048584,366.4253845214844,52.21222686767578
2021-06-11,124.1346435546875,167.3415069580078,87.89486694335938,120.4420166015625,143.31788635253906,247.49620056152344,48.87699890136719,30.53936767578125,363.1398010253906,51.7296257019043
2021-06-14,127.18562316894531,169.19349670410156,87.94373321533203,121.36929321289062,143.67405700683594,249.41555786132812,49.98899841308594,30.14384651184082,364.298828125,51.64642333984375
2021-06-15,126.36683654785156,169.156494140625,89.8415756225586,120.35231018066406,142.90951538085938,247.9472198486328,49.189998626708984,30.113405227661133,365.3210754394531,53.52688980102539
2021-06-16,126.86395263671875,170.7624969482422,89.32840728759766,119.71099853515625,142.8573455810547,247.00674438476562,49.24100112915039,29.892831802368164,362.55572509765625,53.33552169799805
2021-06-17,128.4625701904297,174.46200561523438,87.21066284179688,120.6734619140625,143.54373168945312,250.3848876953125,49.83399963378906,30.02974510192871,362.6469421386719,51.579856872558594
2021-06-18,127.16615295410156,174.34500122070312,83.92000579833984,119.05530548095703,140.72882080078125,248.97410583496094,50.07699966430664,29.520122528076172,356.66546630859375,50.256866455078125
2021-06-21,128.95965576171875,172.697998046875,86.37986755371094,120.74185180664062,142.3448028564453,252.04513549804688,49.70000076293945,29.98409652709961,364.6346435546875,52.079097747802734
2021-06-22,130.59725952148438,175.27200317382812,86.6649398803711,121.25530242919922,142.15367126464844,254.80906677246094,50.88199996948242,30.128629684448242,365.20257568359375,53.077571868896484
2021-06-23,130.32435607910156,175.1909942626953,86.55904388427734,121.0535888671875,141.29354858398438,254.57872009277344,51.27399826049805,29.702674865722656,362.33551025390625,53.46864318847656
2021-06-24,130.04165649414062,172.45399475097656,87.26768493652344,121.4233169555664,141.93646240234375,255.9414825439453,51.805999755859375,29.809160232543945,365.3675537109375,53.68497848510742
2021-06-25,129.7491912841797,170.072998046875,87.39801025390625,121.4317398071289,142.66624450683594,254.33885192871094,52.707000732421875,29.649423599243164,370.9367980957031,53.80147171020508
2021-06-28,131.37705993652344,172.1945037841797,84.70194244384766,121.45899963378906,142.50119018554688,257.8896789550781,53.303001403808594,29.75591468811035,367.7398986816406,52.428558349609375
2021-06-29,132.887939453125,172.40699768066406,84.51461029052734,121.19781494140625,142.5098876953125,260.461669921875,53.349998474121094,29.740699768066406,364.6622314453125,52.10405349731445
2021-06-30,133.50201416015625,172.00799560546875,85.31283569335938,121.01641845703125,143.12672424316406,259.9818420410156,52.82099914550781,29.786340713500977,366.8056640625,52.48680877685547
2021-07-01,133.80421447753906,171.64849853515625,86.51016998291016,121.36829376220703,144.18666076660156,260.6536865234375,53.354000091552734,30.090591430664062,370.8818359375,52.63657760620117
2021-07-02,136.42628479003906,175.5489959716797,86.39614868164062,124.15657043457031,146.81045532226562,266.4598083496094,53.39799880981445,30.219900131225586,374.9763488769531,52.56169509887695
2021-07-06,138.43426513671875,183.78700256347656,84.70194244384766,125.08088684082031,145.93295288085938,266.4695129394531,54.16400146484375,29.88522720336914,375.8008117675781,51.063968658447266
2021-07-07,140.91986083984375,184.82899475097656,83.83854675292969,125.36238098144531,147.1840057373047,268.6478576660156,53.59600067138672,29.93086814880371,377.0832214355469,50.265193939208984
2021-07-08,139.6234588623047,186.57049560546875,83.56975555419922,123.9449462890625,146.8973388671875,266.2391052246094,53.07600021362305,29.854795455932617,375.51690673828125,50.04052734375
2021-07-09,141.44622802734375,185.9669952392578,84.76710510253906,124.415283203125,147.47943115234375,266.73809814453125,53.597999572753906,30.128629684448242,377.49542236328125,50.947486877441406
2021-07-12,140.85162353515625,185.92750549316406,84.93814849853516,125.8594741821289,147.24484252929688,266.1430969238281,53.73099899291992,30.242721557617188,381.0953063964844,50.89755630493164
2021-07-13,141.96287536621094,183.8679962158203,84.65306854248047,126.2222671508789,147.06239318847656,269.6556091308594,54.06800079345703,30.159053802490234,383.3853759765625,50.65625762939453
2021-07-14,145.38426208496094,184.08399963378906,83.0566177368164,127.10990142822266,148.06150817871094,271.1238708496094,54.79499816894531,30.387243270874023,379.904541015625,49.532962799072266
2021-07-15,144.73118591308594,181.55999755859375,82.51089477539062,125.88871765136719,146.2804718017578,269.7035217285156,54.29499816894531,30.493730545043945,384.7685546875,49.05036163330078
2021-07-16,142.69395446777344,178.68150329589844,80.32795715332031,125.8540267944336,146.04586791992188,269.434814453125,53.03099822998047,30.69148826599121,384.4478759765625,47.69409942626953
2021-07-19,138.85342407226562,177.47950744628906,78.1613540649414,123.48306274414062,144.98597717285156,265.84564208984375,53.22800064086914,30.53936767578125,374.7016906738281,46.05492401123047
2021-07-20,142.45997619628906,178.6595001220703,78.6256332397461,125.1002197265625,146.3499755859375,268.0625,53.10499954223633,31.22393035888672,378.2830810546875,46.5624885559082
2021-07-21,141.72889709472656,179.25999450683594,81.3053970336914,126.42794036865234,147.2535400390625,270.0586242675781,51.362998962402344,31.20111846923828,379.8128967285156,48.060203552246094
2021-07-22,143.0935821533203,181.90150451660156,80.49087524414062,127.29277038574219,147.67922973632812,274.6076354980469,51.176998138427734,31.543399810791016,380.84796142578125,47.51936340332031
2021-07-23,144.8091583251953,182.83200073242188,80.5234603881836,131.84588623046875,149.2517547607422,277.9953308105469,51.54100036621094,31.703136444091797,382.6158752441406,47.46112060546875
2021-07-26,145.22830200195312,184.99099731445312,82.2258071899414,132.85693359375,149.3212890625,277.40032958984375,51.64899826049805,31.80200958251953,378.8053283691406,48.65929412841797
2021-07-27,143.06431579589844,181.3195037841797,81.94886016845703,130.74069213867188,150.0076446533203,274.99151611328125,51.89099884033203,32.02259826660156,380.2342224121094,48.11845779418945
2021-07-28,141.3195343017578,181.51600646972656,82.41314697265625,134.8978271484375,149.59063720703125,274.6844177246094,51.93000030517578,33.04945373535156,374.8023986816406,48.442962646484375
2021-07-29,141.96287536621094,179.99600219726562,83.54532623291016,134.5841064453125,149.59063720703125,274.9530944824219,51.42499923706055,32.84222412109375,377.46795654296875,49.033729553222656
2021-07-30,142.17735290527344,166.37950134277344,82.9262924194336,133.54234313964844,149.6079864501953,273.42718505859375,51.75699996948242,32.857574462890625,377.5962219238281,47.90211868286133
2021-08-02,141.84591674804688,166.57400512695312,82.77967071533203,133.6692352294922,149.66883850097656,273.3408203125,51.51499938964844,33.7402229309082,380.66485595703125,47.91044616699219
2021-08-03,143.63946533203125,168.31199645996094,83.56975555419922,134.4379119873047,151.5106658935547,275.5481872558594,51.082000732421875,35.06035232543945,386.46307373046875,48.42632293701172
2021-08-04,143.23980712890625,167.73599243164062,81.69636535644531,133.93783569335938,150.6157989501953,274.96270751953125,51.73500061035156,34.68427658081055,386.13330078125,47.294700622558594
2021-08-05,143.34703063964844,168.79949951171875,82.45387268066406,135.05393981933594,150.9025115966797,277.851318359375,52.48899841308594,34.58449935913086,376.6526794433594,47.59425354003906
2021-08-06,142.6636505126953,167.2469940185547,83.04029846191406,134.54542541503906,150.39862060546875,277.79376220703125,52.05500030517578,34.5921630859375,380.2525939941406,48.14341354370117
2021-08-09,142.61483764648438,167.093505859375,81.6556396484375,135.70960998535156,150.919921875,276.7093811035156,51.99700164794922,35.290611267089844,376.3595886230469,47.59425354003906
2021-08-10,142.1365509033203,166.03399658203125,83.14619445800781,135.6045684814453,150.9720458984375,274.8955078125,51.58399963378906,36.986846923828125,377.193115234375,48.40967559814453
2021-08-11,142.39031982421875,164.60549926757812,83.77338409423828,135.08120727539062,150.9980926513672,275.3849792480469,51.2400016784668,35.54389190673828,373.49249267578125,48.55112075805664
2021-08-12,145.34828186035156,165.1750030517578,83.60234832763672,135.9881591796875,152.21441650390625,278.1296081542969,51.071998596191406,36.2576904296875,371.86199951171875,48.44131851196289
2021-08-13,145.5532684326172,164.69850158691406,83.04846954345703,136.5169677734375,153.12667846679688,281.0472412109375,51.59199905395508,37.20941925048828,375.2603454589844,47.951412200927734
2021-08-16,147.5252227783203,164.94949340820312,82.20136260986328,137.0938720703125,154.50807189941406,282.7266845703125,51.79199981689453,37.53945541381836,382.1670837402344,47.25035858154297
2021-08-17,146.61734008789062,162.09800720214844,82.0466079711914,135.46034240722656,155.92417907714844,281.2679443359375,51.89099884033203,38.69841003417969,386.35321044921875,46.929386138916016
2021-08-18,142.87843322753906,160.06100463867188,79.82601165771484,134.2584991455078,153.943359375,279.54681396484375,52.1870002746582,37.846466064453125,382.2678527832031,45.941123962402344
2021-08-19,143.21034240722656,159.3874969482422,77.83655548095703,134.48748779296875,155.1422576904297,285.3544006347656,54.37099838256836,37.45502471923828,391.949951171875,44.53899002075195
2021-08-20,144.6649169921875,159.99749755859375,77.84480285644531,136.22158813476562,155.8981475830078,292.6525573730469,54.6879997253418,37.39362716674805,393.6170654296875,44.54743576049805
2021-08-23,146.14869689941406,163.2935028076172,79.85076141357422,138.8106231689453,155.2251739501953,292.9313049316406,55.33300018310547,38.32231903076172,389.6324462890625,46.38035583496094
2021-08-24,146.06088256835938,165.28900146484375,80.76707458496094,140.01992797851562,153.2849884033203,290.9793701171875,55.340999603271484,37.13267135620117,387.8463134765625,46.76044845581055
2021-08-25,144.8308563232422,164.95899963378906,81.32015991210938,140.83021545410156,152.2711639404297,290.3929138183594,54.757999420166016,36.464927673339844,384.4845275878906,46.84490966796875
2021-08-26,144.03041076660156,165.8000030517578,80.2552719116211,140.1973419189453,151.4584197998047,287.5852355957031,55.012001037597656,36.36514663696289,381.83734130859375,46.21141815185547
2021-08-27,145.06517028808594,167.48150634765625,81.4274673461914,142.73831176757812,151.13499450683594,288.19097900390625,55.891998291015625,35.7664794921875,383.5868225097656,47.10675811767578
2021-08-30,149.47763061523438,171.07850646972656,81.22109985351562,143.31964111328125,151.77304077148438,291.912109375,56.61800003051758,35.8892707824707,383.1654968261719,46.59151077270508
2021-08-31,148.21835327148438,173.5395050048828,79.88379669189453,143.4257049560547,151.309814453125,290.26788330078125,56.91899871826172,35.35969924926758,381.3059997558594,46.050933837890625
2021-09-01,148.88214111328125,173.9499969482422,79.00875091552734,143.9391632080078,151.8429412841797,290.21978759765625,58.207000732421875,35.336666107177734,382.2952880859375,45.41743087768555
2021-09-02,149.99501037597656,173.156005859375,80.6597671508789,142.02761840820312,152.88290405273438,289.5659484863281,58.85499954223633,35.95067596435547,388.12109375,46.52394104003906
2021-09-03,150.62957763671875,173.90249633789062,80.47814178466797,142.4761505126953,152.9790802001953,289.55633544921875,59.053001403808594,35.95067596435547,387.3424987792969,46.346553802490234
2021-09-07,152.9627227783203,175.46449279785156,80.1231918334961,143.01239013671875,150.60186767578125,288.63323974609375,60.67100143432617,35.88160705566406,385.8585510253906,46.076271057128906
2021-09-08,151.42027282714844,176.27499389648438,79.57009887695312,142.4280548095703,150.23480224609375,288.66204833984375,60.60499954223633,35.6973991394043,380.4999694824219,45.65394592285156
2021-09-09,150.40504455566406,174.20799255371094,79.24816131591797,142.2793731689453,146.88754272460938,285.8160095214844,59.75400161743164,35.32899856567383,379.73052978515625,45.68772888183594
2021-09-10,145.4263458251953,173.45750427246094,79.30596160888672,139.6378173828125,145.9261932373047,284.3351745605469,59.87200164794922,34.99128341674805,371.2828063964844,45.594818115234375
2021-09-13,145.99253845214844,172.85850524902344,80.8743896484375,141.08148193359375,144.9036102294922,285.5659484863281,58.92900085449219,34.21607971191406,381.0357666015625,46.76889419555664
2021-09-14,144.59657287597656,172.5,79.41325378417969,141.29161071777344,144.02969360351562,288.2582702636719,57.7760009765625,34.315860748291016,379.2156982421875,46.10161209106445
2021-09-15,145.48492431640625,173.7895050048828,81.0972671508789,143.1600799560547,144.57154846191406,293.0948486328125,58.2869987487793,34.361915588378906,383.7934265136719,47.655784606933594
2021-09-16,145.25059509277344,174.41200256347656,80.33781433105469,142.34774780273438,144.39669799804688,293.4793701171875,58.650001525878906,34.13165283203125,383.1683654785156,47.14899444580078
2021-09-17,142.5855712890625,173.12600708007812,79.87553405761719,139.56248474121094,143.9859619140625,288.33514404296875,58.935001373291016,33.68649673461914,386.2201843261719,46.59151077270508
2021-09-20,139.539794921875,167.7864990234375,78.24105072021484,137.500244140625,143.1644744873047,282.9794006347656,57.542999267578125,33.92442321777344,379.3627014160156,45.3498649597168
2021-09-21,140.01812744140625,167.18150329589844,78.29882049560547,137.81100463867188,143.79368591308594,283.4602355957031,57.31399917602539,33.70951461791992,379.0318908691406,45.30763244628906
2021-09-22,142.38059997558594,169.00250244140625,80.60198974609375,139.0504913330078,143.26931762695312,287.0947570800781,59.064998626708984,33.732547760009766,375.6859130859375,46.633750915527344
2021-09-23,143.33724975585938,170.8000030517578,82.59968566894531,139.97482299804688,144.08212280273438,288.03704833984375,59.32600021362305,33.91675567626953,375.07000732421875,48.2132682800293
2021-09-24,143.42515563964844,171.2760009765625,83.04546356201172,140.9650115966797,143.64512634277344,287.8351745605469,59.23899841308594,33.72487258911133,374.19677734375,48.644046783447266
2021-09-27,141.9119873046875,170.2899932861328,85.00190734863281,139.8320770263672,142.60511779785156,282.85443115234375,59.263999938964844,33.440895080566406,372.5329895019531,50.08840560913086
2021-09-28,138.5343017578125,165.79800415039062,85.3238525390625,134.63616943359375,142.29046630859375,272.6141052246094,58.3849983215332,33.03411102294922,366.4201354980469,50.612098693847656
2021-09-29,139.4324493408203,165.05599975585938,85.29907989501953,133.17262268066406,143.34799194335938,273.07562255859375,59.90599822998047,33.410194396972656,368.0655822753906,50.57831573486328
2021-09-30,138.13401794433594,164.2519989013672,83.74713134765625,132.50108337402344,141.1455841064453,271.07568359375,61.034000396728516,33.01107406616211,359.17669677734375,49.68297576904297
2021-10-01,139.25669860839844,164.16299438476562,86.12456512451172,135.34286499023438,140.24539184570312,277.9794616699219,61.314998626708984,32.949676513671875,360.7301330566406,51.465213775634766
2021-10-04,135.83016967773438,159.48899841308594,86.44652557373047,132.4847412109375,139.15293884277344,272.21990966796875,60.334999084472656,32.5582389831543,355.7480163574219,52.13249206542969
2021-10-05,137.75331115722656,161.0500030517578,87.3875961303711,134.8274383544922,139.4676055908203,277.65252685546875,63.48099899291992,32.48148727416992,361.64935302734375,52.04802322387695
2021-10-06,138.62216186523438,163.10049438476562,86.619873046875,136.3558807373047,139.75596618652344,281.8352966308594,63.90999984741211,32.2512321472168,362.4031677246094,51.09356689453125
2021-10-07,139.8814697265625,165.1215057373047,87.239013671875,138.00132751464844,141.00572204589844,283.5082702636719,63.185001373291016,32.8038444519043,372.0090637207031,51.23715591430664
2021-10-08,139.500732421875,164.43099975585938,89.19546508789062,138.556884765625,140.64739990234375,283.5082702636719,63.26599884033203,32.58127212524414,375.46527099609375,52.52104568481445
2021-10-11,139.41290283203125,162.31500244140625,88.43598175048828,137.6930389404297,140.05311584472656,282.91217041015625,62.70399856567383,32.28193664550781,372.2756652832031,51.99734878540039
2021-10-12,138.14378356933594,162.3665008544922,88.45248413085938,135.2497100830078,137.81578063964844,281.6141357421875,62.49399948120117,32.120750427246094,370.6669616699219,51.72705841064453
2021-10-13,137.55813598632812,164.21400451660156,88.9808349609375,136.3727264404297,139.13543701171875,284.91217041015625,62.97600173950195,31.790727615356445,370.951904296875,51.58346939086914
2021-10-14,140.34030151367188,164.9929962158203,89.82282257080078,139.91038513183594,139.93077087402344,291.10430908203125,63.380001068115234,31.982595443725586,386.40399169921875,52.36899948120117
2021-10-15,141.39462280273438,170.4510040283203,90.48322296142578,140.12547302246094,140.97079467773438,292.50823974609375,62.82899856567383,31.844446182250977,393.4912109375,52.86735534667969
2021-10-18,143.06394958496094,172.33700561523438,90.44194793701172,141.52308654785156,139.9395294189453,295.4698181152344,63.797000885009766,31.713964462280273,390.3199462890625,52.84202194213867
2021-10-19,145.22134399414062,172.20750427246094,92.20853424072266,141.97804260253906,143.2168731689453,296.37359619140625,63.900001525878906,32.304954528808594,390.09930419921875,53.635986328125
2021-10-20,145.70945739746094,170.7530059814453,93.41375732421875,140.52293395996094,143.1382293701172,295.585205078125,62.513999938964844,32.84989547729492,399.9441833496094,53.93162155151367
2021-10-21,145.92422485351562,171.75050354003906,92.2415542602539,140.63894653320312,142.80613708496094,298.8063659667969,65.31600189208984,32.89595031738281,406.5533447265625,52.95181655883789
2021-10-22,145.1530303955078,166.77749633789062,93.11658477783203,136.35736083984375,143.0857696533203,297.2677917480469,66.47799682617188,33.12620162963867,412.87762451171875,53.315025329589844
2021-10-25,145.10423278808594,166.01849365234375,93.98335266113281,136.23892211914062,143.40042114257812,296.2774658203125,67.16600036621094,33.11853790283203,413.180908203125,54.353946685791016
2021-10-26,145.76803588867188,168.80349731445312,94.18973541259766,138.08407592773438,144.85992431640625,298.18133544921875,66.85199737548828,33.43320846557617,417.9149169921875,55.61249923706055
2021-10-27,145.3092498779297,169.62449645996094,92.51396179199219,144.93234252929688,143.103271484375,310.73895263671875,66.29199981689453,32.980384826660156,416.84869384765625,54.168128967285156
2021-10-28,148.94073486328125,172.32850646972656,93.38074493408203,144.5670928955078,142.325439453125,311.87359619140625,67.40499877929688,33.14155197143555,418.6502990722656,54.320167541503906
2021-10-29,146.23658752441406,168.6215057373047,94.51167297363281,146.74478149414062,142.35166931152344,318.8638610839844,69.03099822998047,33.57136154174805,423.2740173339844,54.455318450927734
2021-11-01,145.41661071777344,165.90550231933594,94.5447006225586,142.2357635498047,142.4739990234375,316.7005310058594,68.11699676513672,33.49462127685547,417.42779541015625,55.435123443603516
2021-11-02,146.4513702392578,165.6374969482422,93.96682739257812,144.1542510986328,144.72012329101562,320.3157958984375,67.77200317382812,34.88383102416992,415.5249328613281,54.75094985961914
2021-11-03,147.8864288330078,169.1999969482422,93.28993225097656,145.3095245361328,144.25689697265625,321.1523742675781,68.8290023803711,34.40028762817383,420.3877258300781,53.99919128417969
2021-11-04,147.36898803710938,173.85000610351562,93.70268249511719,146.96434020996094,143.8549346923828,323.49853515625,66.83999633789062,33.95121383666992,419.8636779785156,54.40462875366211
2021-11-05,147.89694213867188,175.94949340820312,94.71805572509766,147.543701171875,142.83233642578125,323.1330871582031,64.5719985961914,37.636695861816406,418.9904479980469,54.91987609863281
2021-11-08,147.07571411132812,174.44900512695312,95.05651092529297,147.72113037109375,142.34292602539062,324.02734375,65.1449966430664,37.419891357421875,425.2502746582031,55.511138916015625
2021-11-09,147.43743896484375,178.81149291992188,95.75819396972656,147.60960388183594,142.02828979492188,323.02734375,65.5989990234375,36.62240982055664,426.840576171875,56.05172348022461
2021-11-10,144.61204528808594,174.1024932861328,94.23101806640625,144.6112060546875,143.56646728515625,318.07550048828125,64.69100189208984,37.954139709472656,422.7500305175781,54.94746398925781
2021-11-11,144.56320190429688,173.625,94.23927307128906,144.48532104492188,142.5089569091797,319.6427001953125,65.75800323486328,38.85227584838867,420.4428405761719,55.05018997192383
2021-11-12,146.63580322265625,176.25750732421875,94.29706573486328,147.37120056152344,144.21316528320312,323.76776123046875,68.26100158691406,38.50385665893555,421.91351318359375,54.63074493408203
2021-11-15,146.6455535888672,177.28399658203125,96.43510437011719,147.14718627929688,142.9109649658203,323.1427001953125,67.93299865722656,38.44192886352539,414.38507080078125,55.10155487060547
2021-11-16,147.6232147216797,177.03500366210938,96.8148193359375,146.5762939453125,142.16812133789062,326.4504089355469,68.73999786376953,38.4031982421875,413.3005065917969,55.657958984375
2021-11-17,150.05752563476562,177.4499969482422,96.38059997558594,146.74575805664062,142.7012481689453,326.6719970703125,69.16899871826172,39.386512756347656,412.6845397949219,55.05018997192383
2021-11-18,154.33956909179688,184.80299377441406,95.57061004638672,148.52151489257812,141.9321746826172,328.7430725097656,68.2020034790039,39.80460739135742,413.1625061035156,54.45098114013672
2021-11-19,156.95960998535156,183.82850646972656,93.44963073730469,147.6175537109375,142.36038208007812,330.51556396484375,67.87999725341797,39.33230209350586,404.45751953125,51.934295654296875
2021-11-22,157.41912841796875,178.6284942626953,95.11969757080078,145.01612854003906,140.4866180419922,327.35589599609375,65.91999816894531,39.64201736450195,402.1961669921875,52.653350830078125
2021-11-23,157.8004150390625,179.0019989013672,97.11544799804688,144.5006866455078,141.35755920410156,325.2847595214844,65.40599822998047,39.549110412597656,411.0115661621094,54.040096282958984
2021-11-24,158.31854248046875,179.02049255371094,97.85863494873047,144.83570861816406,140.96168518066406,325.5063781738281,65.8290023803711,39.40199279785156,413.79681396484375,54.339698791503906
2021-11-26,153.30325317382812,175.22799682617188,95.6207275390625,140.9333038330078,140.04678344726562,317.5784606933594,66.56400299072266,41.809932708740234,404.37481689453125,52.4307861328125
2021-11-29,156.65660095214844,178.07850646972656,95.90462493896484,144.25137329101562,140.53065490722656,324.27337646484375,66.38400268554688,40.57113265991211,415.4881591796875,52.721839904785156
2021-11-30,161.6034393310547,175.35350036621094,94.2512435913086,140.65032958984375,137.17019653320312,318.455078125,64.19000244140625,41.60090255737305,408.3366394042969,51.22380828857422
2021-12-01,161.08526611328125,172.18600463867188,93.60826110839844,139.81175231933594,139.06158447265625,317.96380615234375,61.777000427246094,42.336429595947266,408.4468994140625,51.18101119995117
2021-12-02,160.0978240966797,171.8679962158203,96.14678955078125,141.7094268798828,138.19065856933594,317.3954162597656,61.64699935913086,41.066654205322266,409.9912414550781,52.45647048950195
2021-12-03,158.2207489013672,169.489501953125,95.53722381591797,140.75341796875,140.2051544189453,311.1533508300781,60.2130012512207,42.01899337768555,414.37176513671875,52.122623443603516
2021-12-06,161.6229705810547,171.36849975585938,97.03192901611328,141.89675903320312,143.33685302734375,314.2165222167969,61.26900100708008,39.858802795410156,424.3225402832031,52.71327209472656
2021-12-07,167.3518829345703,176.1645050048828,98.46820831298828,145.97511291503906,143.7063446044922,322.6260681152344,62.55799865722656,40.04463195800781,428.5832214355469,53.30392074584961
2021-12-08,171.16470336914062,176.1580047607422,98.91079711914062,146.88401794433594,144.5684356689453,322.67431640625,62.80799865722656,39.796875,432.39190673828125,53.4580078125
2021-12-09,170.65631103515625,174.17100524902344,98.65192413330078,146.3408660888672,145.94073486328125,320.8729553222656,61.099998474121094,40.32337188720703,436.5050354003906,53.594966888427734
2021-12-10,175.4369659423828,172.21200561523438,98.8189468383789,146.70065307617188,145.58009338378906,329.9663391113281,61.16600036621094,40.8653450012207,441.03314208984375,53.93736267089844
2021-12-13,171.80996704101562,169.5675048828125,96.76472473144531,144.54478454589844,148.18392944335938,326.9417419433594,60.45600128173828,42.739051818847656,440.9501647949219,52.756072998046875
2021-12-14,170.4314727783203,169.0915069580078,97.04864501953125,142.64215087890625,149.8025665283203,316.2876281738281,59.79899978637695,43.002296447753906,442.16741943359375,52.67903137207031
2021-12-15,175.29031372070312,173.31500244140625,96.49751281738281,145.15390014648438,150.55032348632812,322.3660583496094,60.50400161743164,45.5263786315918,455.927001953125,52.44791030883789
2021-12-16,168.4077606201172,168.87100219726562,97.39935302734375,143.1754608154297,152.19529724121094,312.9739074707031,59.10599899291992,47.423316955566406,454.5251770019531,52.533512115478516
2021-12-17,167.31280517578125,170.0175018310547,94.8608169555664,140.47935485839844,147.9904022216797,311.9142761230469,58.67300033569336,46.052879333496094,449.23162841796875,51.38644790649414
2021-12-20,165.9539031982422,167.07899475097656,94.90259552001953,140.3623809814453,147.5681915283203,308.1671142578125,59.374000549316406,47.2452278137207,446.10546875,50.641719818115234
2021-12-21,169.12144470214844,170.41700744628906,96.42237091064453,142.2115020751953,147.09312438964844,315.2761535644531,60.492000579833984,45.642513275146484,449.314697265625,51.788780212402344
2021-12-22,171.71217346191406,171.03700256347656,96.97348022460938,145.1281280517578,147.72650146484375,320.96929931640625,61.42399978637695,46.10707473754883,455.6964416503906,52.20823669433594
2021-12-23,172.33786010742188,171.06849670410156,97.20730590820312,145.62521362304688,148.0080108642578,322.4045104980469,61.409000396728516,45.45669174194336,456.84918212890625,52.23391342163086
2021-12-27,176.2973175048828,169.66949462890625,99.19470977783203,146.60647583007812,149.25717163085938,329.8797302246094,61.3120002746582,45.83607864379883,460.6488037109375,52.978633880615234
2021-12-28,175.28054809570312,170.66099548339844,99.00263977050781,145.39772033691406,149.85537719726562,328.7237548828125,61.07099914550781,44.91471862792969,463.8212890625,52.807437896728516
2021-12-29,175.3685302734375,169.2010040283203,98.4932632446289,145.3660125732422,150.91104125976562,329.3981018066406,61.05400085449219,44.581787109375,466.2558288574219,52.345191955566406
2021-12-30,174.21495056152344,168.64450073242188,98.05904388427734,144.91549682617188,151.5795440673828,326.86468505859375,61.20899963378906,45.21668243408203,465.1953125,52.03702163696289
2021-12-31,173.59902954101562,166.7169952392578,97.99224090576172,143.578857421875,150.4887237548828,323.9748229980469,60.24399948120117,45.719947814941406,463.0833740234375,52.37942886352539
2022-01-03,177.93971252441406,170.4044952392578,99.58717346191406,143.7171173095703,150.90219116210938,322.4623718261719,59.73699951171875,43.861717224121094,463.2125549316406,54.39105987548828
2022-01-04,175.681396484375,167.52200317382812,101.39923095703125,143.13035583496094,150.49754333496094,316.9330749511719,59.1150016784668,42.22029495239258,452.7176818847656,56.43693161010742
2022-01-05,171.00828552246094,164.35699462890625,102.05890655517578,136.56405639648438,151.5003662109375,304.76666259765625,56.75199890136719,43.07197952270508,451.6017761230469,57.13887023925781
2022-01-06,168.15359497070312,163.25399780273438,102.92735290527344,136.53680419921875,150.98135375976562,302.3585205078125,55.32899856567383,42.46031188964844,433.1204833984375,58.48279571533203
2022-01-07,168.31979370117188,162.5540008544922,104.40536499023438,135.81272888183594,153.02224731445312,302.5125732421875,54.10599899291992,43.14167022705078,422.9300231933594,58.962162017822266
2022-01-10,168.3393096923828,161.48599243164062,104.47216796875,137.45068359375,152.2656707763672,302.7341613769531,53.98500061035156,43.54427719116211,428.832275390625,58.6112060546875
2022-01-11,171.16470336914062,165.36199951171875,106.86040496826172,138.5078125,150.64707946777344,303.4180908203125,54.08399963378906,43.89269256591797,432.5210266113281,61.07651901245117
2022-01-12,171.60462951660156,165.20700073242188,106.32595825195312,140.1874237060547,149.3627471923828,306.5872497558594,53.72200012207031,43.861717224121094,436.8739929199219,60.896766662597656
2022-01-13,168.3393096923828,161.21400451660156,105.88339233398438,137.3689422607422,148.45664978027344,293.6117248535156,51.91999816894531,43.002296447753906,431.0732116699219,60.460182189941406
2022-01-14,169.1996612548828,162.13800048828125,107.68709564208984,138.25457763671875,147.6473388671875,298.8135681152344,52.569000244140625,42.54548645019531,432.2351989746094,61.52165985107422
2022-01-18,166.00277709960938,158.91749572753906,108.03781127929688,134.80267333984375,146.99636840820312,291.5406494140625,51.08000183105469,41.89510726928711,425.134033203125,62.55741882324219
2022-01-19,162.51258850097656,156.2989959716797,107.64535522460938,133.92893981933594,146.5389404296875,292.1956787109375,51.58599853515625,41.45377731323242,426.5450439453125,62.583099365234375
2022-01-20,160.83106994628906,151.66749572753906,107.26121520996094,132.1358184814453,145.3689422607422,290.5292053222656,50.82500076293945,41.84865188598633,426.98773193359375,62.72005844116211
2022-01-21,158.7780303955078,142.64300537109375,105.97525787353516,129.20579528808594,145.03465270996094,285.1636962890625,39.75,40.87308883666992,425.30010986328125,61.778465270996094
2022-01-24,158.00570678710938,144.54400634765625,106.20072174072266,129.65432739257812,143.36322021484375,285.4911804199219,38.71500015258789,39.905269622802734,426.3145446777344,62.30918884277344
2022-01-25,156.20681762695312,139.98599243164062,110.71830749511719,125.81932830810547,147.4626007080078,277.90045166015625,36.641998291015625,40.679527282714844,421.3069152832031,64.14104461669922
2022-01-26,156.1188507080078,138.87249755859375,110.80179595947266,128.09713745117188,148.12234497070312,285.81866455078125,35.970001220703125,41.043434143066406,422.7732238769531,63.49045944213867
2022-01-27,155.65939331054688,139.6374969482422,113.03968811035156,127.87114715576172,150.06649780273438,288.83380126953125,38.66999816894531,41.636329650878906,425.69659423828125,64.30367279052734
2022-01-28,166.5209197998047,143.97799682617188,109.0649185180664,132.17892456054688,151.1221466064453,296.9447021484375,38.43600082397461,42.38528060913086,429.80975341796875,64.44065856933594
2022-01-31,170.87139892578125,149.57350158691406,109.66613006591797,134.11428833007812,151.56199645996094,299.56488037109375,42.7140007019043,41.10584259033203,435.81341552734375,65.02275085449219
2022-02-01,170.70521545410156,151.19349670410156,112.55538177490234,136.43421936035156,150.3216094970703,297.4263610839844,45.7130012512207,41.402286529541016,431.9769592285156,69.1915283203125
2022-02-02,171.90769958496094,150.6125030517578,113.07311248779297,146.69918823242188,151.98422241210938,301.95379638671875,42.948001861572266,42.01860046386719,442.4626770019531,69.01176452636719
2022-02-03,169.03343200683594,138.8455047607422,112.06270599365234,141.8323211669922,151.97540283203125,290.19207763671875,40.560001373291016,41.64413070678711,450.7532958984375,68.20709991455078
2022-02-04,168.74957275390625,157.63949584960938,113.46558380126953,142.03353881835938,150.98135375976562,294.70989990234375,41.016998291015625,41.347679138183594,445.5888977050781,69.68800354003906
2022-02-07,168.03501892089844,157.9355010986328,115.69513702392578,137.97755432128906,150.4799346923828,289.9030456542969,40.209999084472656,41.511512756347656,446.0777282714844,70.52690887451172
2022-02-08,171.13803100585938,161.4134979248047,113.93321228027344,138.1737823486328,150.87579345703125,293.38055419921875,40.35300064086914,40.33349609375,455.0324401855469,68.70359802246094
2022-02-09,172.55740356445312,161.1894989013672,115.06050109863281,140.34750366210938,150.8582305908203,299.78643798828125,41.28900146484375,40.1540641784668,459.357666015625,68.37470245361328
2022-02-10,168.48529052734375,159.0034942626953,113.59918975830078,137.401611328125,149.03724670410156,291.2806701660156,40.62699890136719,39.47533416748047,448.86279296875,67.71692657470703
2022-02-11,165.0787353515625,153.2935028076172,115.91224670410156,133.1022491455078,147.53297424316406,284.2099609375,39.13100051879883,39.615753173828125,440.9409484863281,69.42195129394531
2022-02-14,165.31369018554688,155.16700744628906,114.12525177001953,134.33482360839844,145.6768341064453,284.1714782714844,39.65700149536133,38.85121536254883,437.50103759765625,68.35739135742188
2022-02-15,169.14111328125,156.510498046875,113.28988647460938,135.40780639648438,147.18112182617188,289.4407653808594,40.74599838256836,38.843421936035156,441.03314208984375,67.50053405761719
2022-02-16,168.9062042236328,158.10049438476562,113.32365417480469,136.5273895263672,147.09312438964844,289.1028137207031,39.80799865722656,38.757598876953125,442.7115783691406,67.81214141845703
2022-02-17,165.31369018554688,154.65249633789062,112.74141693115234,131.37408447265625,146.19590759277344,280.6372375488281,38.66699981689453,38.14908218383789,433.7568359375,67.70826721191406
2022-02-18,163.7670440673828,152.60150146484375,112.58109283447266,129.25685119628906,144.62879943847656,277.9344482421875,39.12900161743164,37.86042785644531,431.4236145019531,66.95528411865234
2022-02-22,160.8500213623047,150.19749450683594,111.72040557861328,128.67254638671875,142.66339111328125,277.7317810058594,37.737998962402344,37.080291748046875,426.5358581542969,66.17633056640625
2022-02-23,156.6897430419922,144.82699584960938,114.37840270996094,126.46658325195312,142.73419189453125,270.54046630859375,36.74599838256836,36.565391540527344,423.87066650390625,66.44464111328125
2022-02-24,159.30335998535156,151.35800170898438,113.78773498535156,131.5247344970703,140.00732421875,284.3633117675781,39.00299835205078,35.855464935302734,420.4307861328125,65.60508728027344
2022-02-25,161.3688201904297,153.7884979248047,118.45401763916016,133.27769470214844,146.966064453125,286.98883056640625,39.08000183105469,37.228515625,438.7460632324219,67.3707275390625
2022-02-28,161.63311767578125,153.56300354003906,121.50859832763672,133.86996459960938,145.70004272460938,288.41748046875,39.45199966430664,36.62000274658203,438.8567199707031,67.87271881103516
2022-03-01,159.7536163330078,151.14199829101562,126.3351821899414,132.88319396972656,145.19541931152344,284.7107849121094,38.624000549316406,35.69163513183594,439.2071228027344,68.52182006835938
2022-03-02,163.04269409179688,152.05250549316406,130.06484985351562,133.38870239257812,147.00148010253906,289.7688903808594,38.00299835205078,37.212913513183594,447.6271057128906,69.69892883300781
2022-03-03,162.7196807861328,147.89849853515625,131.81996154785156,132.7226104736328,149.1617431640625,285.6470947265625,36.80699920654297,37.3143424987793,448.742919921875,70.14033508300781
2022-03-04,159.72422790527344,145.64100646972656,133.8704376220703,130.74713134765625,150.0470428466797,279.7974548339844,36.17300033569336,37.95404815673828,459.8648986816406,72.78009033203125
2022-03-07,155.93603515625,137.4530029296875,136.7309112548828,125.26771545410156,152.46401977539062,269.22760009765625,35.0260009765625,37.43135070800781,449.00115966796875,75.40258026123047
2022-03-08,154.11529541015625,136.01449584960938,143.89483642578125,125.98734283447266,149.37420654296875,266.27386474609375,34.17599868774414,37.01007843017578,436.6341552734375,75.97382354736328
2022-03-09,159.50892639160156,139.2790069580078,140.3002471923828,132.24732971191406,149.94081115722656,278.4847717285156,35.87900161743164,38.03205871582031,447.80218505859375,71.65497589111328
2022-03-10,155.17251586914062,146.8175048828125,144.13958740234375,131.26556396484375,150.2064666748047,275.6756896972656,35.676998138427734,38.38313293457031,453.2156982421875,73.87931060791016
2022-03-11,151.4625244140625,145.52450561523438,144.20706176757812,128.72901916503906,149.93199157714844,270.3473205566406,34.03200149536133,39.21788787841797,446.6300048828125,73.49845886230469
2022-03-14,147.4393310546875,141.85299682617188,140.67996215820312,124.8439712524414,152.00367736816406,266.8434143066406,33.10100173950195,40.7625732421875,451.30108642578125,70.86735534667969
2022-03-15,151.81492614746094,147.3665008544922,133.5581817626953,128.06243896484375,155.94345092773438,277.18157958984375,34.375,40.73136901855469,460.5412292480469,66.83411407470703
2022-03-16,156.2198486328125,153.10400390625,133.07725524902344,132.10906982421875,154.50914001464844,284.1701965332031,35.75299835205078,41.2852668762207,460.86505126953125,66.58311462402344
2022-03-17,157.2281036376953,157.23899841308594,135.38079833984375,132.66265869140625,156.5277557373047,284.9714660644531,37.13999938964844,42.315059661865234,468.9674987792969,68.35739135742188
2022-03-18,160.5172119140625,161.25050354003906,136.4693603515625,134.9290771484375,154.79248046875,290.00054931640625,38.060001373291016,42.52570343017578,468.1351318359375,68.08909606933594
2022-03-21,161.88763427734375,161.4915008544922,138.9248504638672,134.9052734375,155.66897583007812,288.77459716796875,37.45899963378906,42.27606201171875,469.5594787597656,71.1443099975586
2022-03-22,165.25494384765625,164.88900756835938,138.4607391357422,138.63865661621094,154.93417358398438,293.5045471191406,38.29199981689453,41.3788948059082,467.3951110839844,70.83274841308594
2022-03-23,166.61561584472656,163.4080047607422,139.95428466796875,137.0601348876953,154.34979248046875,289.09320068359375,37.44900131225586,40.715763092041016,465.4620056152344,71.94922637939453
2022-03-24,170.39410400390625,163.64950561523438,140.3255615234375,140.32766723632812,155.1466064453125,293.5430908203125,37.57099914550781,41.02781677246094,474.92425537109375,72.16561126708984
2022-03-25,171.0303955078125,164.77349853515625,142.86538696289062,140.4278106689453,156.63400268554688,293.1376953125,37.3849983215332,41.17604446411133,474.52655029296875,73.74081420898438
2022-03-28,171.8917694091797,168.99049377441406,140.36773681640625,140.21221923828125,157.43960571289062,299.91400146484375,37.85100173950195,41.566123962402344,474.6837463378906,71.67224884033203
2022-03-29,175.18081665039062,169.31500244140625,138.65481567382812,141.25294494628906,157.35995483398438,304.46051025390625,39.18199920654297,41.14485168457031,472.3991394042969,71.29145050048828
2022-03-30,174.01596069335938,166.30099487304688,139.6336212158203,140.69097900390625,158.997802734375,302.96429443359375,38.14699935913086,40.910804748535156,481.73187255859375,72.51181030273438
2022-03-31,170.9227294921875,162.99749755859375,137.3975067138672,137.84519958496094,156.9084014892578,297.60693359375,37.45899963378906,40.38810348510742,471.6961669921875,71.48187255859375
2022-04-01,170.62905883789062,163.55999755859375,138.57041931152344,138.91868591308594,157.75836181640625,298.6784973144531,37.34700012207031,40.23207473754883,474.11956787109375,71.94058227539062
2022-04-04,174.6718292236328,168.34649658203125,138.6969757080078,141.7148895263672,156.2355499267578,304.03582763671875,39.150001525878906,39.74058532714844,471.7424011230469,71.97520446777344
2022-04-05,171.36322021484375,164.05499267578125,137.84475708007812,139.35531616210938,157.24485778808594,300.08782958984375,38.01499938964844,39.97462844848633,478.9015197753906,71.60303497314453
2022-04-06,168.20144653320312,158.75599670410156,139.06825256347656,135.3478546142578,161.33509826660156,289.1028137207031,36.834999084472656,41.24626541137695,491.8414306640625,72.39929962158203
2022-04-07,168.50482177734375,157.7845001220703,141.00062561035156,134.69412231445312,160.9190216064453,290.9079284667969,36.21500015258789,43.03279495239258,496.65130615234375,73.61100006103516
2022-04-08,166.4981231689453,154.4604949951172,143.38858032226562,132.11599731445312,161.2377471923828,286.66064453125,35.5880012512207,43.04058837890625,504.9850158691406,75.16024780273438
2022-04-11,162.24978637695312,151.1219940185547,139.7011260986328,127.69123840332031,159.21917724609375,275.3572082519531,34.79999923706055,42.07322311401367,497.10443115234375,72.57238006591797
2022-04-12,164.1194610595703,150.78750610351562,142.61228942871094,126.59197998046875,159.27227783203125,272.2682189941406,34.40999984741211,41.43349838256836,493.6544189453125,74.0870132446289
2022-04-13,166.80162048339844,155.54100036621094,144.85679626464844,128.7523193359375,159.9451446533203,277.63525390625,35.042999267578125,41.425697326660156,496.697509765625,75.13428497314453
2022-04-14,161.7995147705078,151.7064971923828,144.78929138183594,125.61613464355469,159.27227783203125,270.11566162109375,34.112998962402344,41.441307067871094,494.6810607910156,76.01710510253906
2022-04-18,161.5841522216797,152.78500366210938,146.73008728027344,126.55431365966797,157.2891387939453,270.78173828125,33.7859992980957,40.442710876464844,493.99664306640625,76.6402587890625
2022-04-19,163.8649444580078,158.11549377441406,144.9918212890625,128.8662872314453,162.08766174316406,275.39581298828125,34.861000061035156,39.14767837524414,497.3448791503906,75.95651245117188
2022-04-20,163.6985321044922,153.9980010986328,145.5824737548828,126.91461181640625,162.80474853515625,276.4189758300781,22.618999481201172,38.81221389770508,505.03143310546875,76.1296157836914
2022-04-21,162.9056396484375,148.29600524902344,138.87420654296875,123.71746826171875,162.3355712890625,271.0616455078125,21.82200050354004,38.31291961669922,497.10443115234375,75.32469177246094
2022-04-22,158.37342834472656,144.35000610351562,135.81118774414062,118.583984375,160.72422790527344,264.51702880859375,21.552000045776367,37.54838180541992,481.8428649902344,73.68025207519531
2022-04-25,159.44041442871094,146.07400512695312,132.8916015625,121.99226379394531,164.68165588378906,270.97479248046875,20.990999221801758,38.18809127807617,484.92291259765625,71.19622802734375
2022-04-26,153.48878479003906,139.39100646972656,132.08155822753906,117.60714721679688,163.5041961669922,260.8393249511719,19.84000015258789,38.2504997253418,475.2202453613281,71.22220611572266
2022-04-27,153.26364135742188,138.16700744628906,131.8368377685547,113.2899398803711,161.22003173828125,273.3879699707031,18.854000091552734,38.804405212402344,475.2479553222656,73.25615692138672
2022-04-28,160.18434143066406,144.59649658203125,136.51998901367188,117.48077392578125,162.42408752441406,279.57550048828125,19.95199966430664,39.40511703491211,485.0616455078125,75.47180938720703
2022-04-29,154.32081604003906,124.28150177001953,132.1996612548828,113.10655212402344,159.76808166503906,267.8858642578125,19.035999298095703,38.28171920776367,470.3827819824219,73.78410339355469
2022-05-02,154.62429809570312,124.5,134.79859924316406,115.5583267211914,158.15675354003906,274.5946044921875,19.945999145507812,37.71220016479492,463.53802490234375,74.78807830810547
2022-05-03,156.11221313476562,124.25350189208984,137.11061096191406,116.30270385742188,157.84689331054688,271.99798583984375,19.98699951171875,38.453346252441406,462.1229553222656,76.32868957519531
2022-05-04,162.51409912109375,125.92849731445312,141.4140625,121.18643188476562,159.53790283203125,279.913330078125,20.400999069213867,38.742000579833984,469.5224914550781,79.36658477783203
2022-05-05,153.45945739746094,116.40699768066406,140.2918243408203,115.48151397705078,156.4923095703125,267.7217712402344,18.832000732421875,37.79801940917969,457.5906982421875,78.16354370117188
2022-05-06,154.1848602294922,114.77249908447266,144.02987670898438,114.72917175292969,156.14703369140625,265.19268798828125,18.097000122070312,38.25831604003906,462.1229553222656,79.35792541503906
2022-05-09,149.06759643554688,108.78900146484375,134.37673950195312,111.52210235595703,156.99693298339844,255.3950653076172,17.309999465942383,37.94623947143555,449.9135437011719,73.10035705566406
2022-05-10,151.4693603515625,108.85900115966797,135.66770935058594,113.3895492553711,156.7845001220703,260.1442565917969,17.766000747680664,38.609378814697266,451.3843078613281,73.58502960205078
2022-05-11,143.6169891357422,105.37200164794922,137.6759796142578,112.60401916503906,155.93460083007812,251.50502014160156,16.636999130249023,38.57816696166992,449.66387939453125,75.11698150634766
2022-05-12,139.75454711914062,106.93049621582031,138.98390197753906,111.8521728515625,157.47500610351562,246.48550415039062,17.430999755859375,39.63208770751953,442.86553955078125,75.45797729492188
2022-05-13,144.21499633789062,113.05500030517578,141.65032958984375,115.03048706054688,156.572021484375,252.05520629882812,18.763999938964844,39.262428283691406,448.97015380859375,77.69635009765625
2022-05-16,142.67591857910156,110.81050109863281,145.98751831054688,113.43909454345703,157.66098022460938,252.42205810546875,18.650999069213867,39.8523063659668,452.5034484863281,79.5237808227539
2022-05-17,146.30307006835938,115.36849975585938,146.84820556640625,115.44927978515625,158.31610107421875,257.55731201171875,19.055999755859375,40.3792724609375,455.56494140625,80.53805541992188
2022-05-18,138.04879760742188,107.11250305175781,142.97727966308594,110.91597747802734,155.37680053710938,245.83084106445312,17.7189998626709,39.639957427978516,436.00238037109375,79.261474609375
2022-05-19,134.64707946777344,107.31900024414062,141.9563751220703,109.41380310058594,153.9956817626953,244.9213409423828,18.347999572753906,39.83658218383789,442.63427734375,79.6899185180664
2022-05-20,134.8823699951172,107.59100341796875,142.77310180664062,107.9507827758789,156.6870880126953,244.36016845703125,18.635000228881836,41.26802062988281,449.2754211425781,80.3194580078125
2022-05-23,140.2937469482422,107.55699920654297,146.0910186767578,110.50810241699219,159.88587951660156,252.1875,18.743999481201172,41.590484619140625,455.1488037109375,82.09442901611328
2022-05-24,137.5978240966797,104.0999984741211,146.87371826171875,105.0385971069336,161.63230895996094,251.19097900390625,18.034000396728516,42.00733947753906,460.2174987792969,82.54035949707031
2022-05-25,137.75465393066406,106.7750015258789,149.23031616210938,104.87505340576172,160.0462646484375,253.99676513671875,18.783000946044922,42.2432975769043,460.7077941894531,84.20165252685547
2022-05-26,140.9505157470703,111.07749938964844,150.2341766357422,106.84508514404297,159.90371704101562,257.26708984375,19.139999389648438,42.46350860595703,464.5369873046875,84.49893951416016
2022-05-27,146.6952362060547,115.14649963378906,151.6719512939453,111.32930755615234,161.35604858398438,264.3687744140625,19.518999099731445,42.40059280395508,469.05078125,85.32959747314453
2022-05-31,145.91094970703125,120.20950317382812,148.59225463867188,112.76212310791016,159.966064453125,263.0433044433594,19.743999481201172,41.71633529663086,459.4961242675781,83.9393310546875
2022-06-01,145.78353881835938,121.68399810791016,150.00448608398438,112.89097595214844,158.34442138671875,263.5754089355469,19.291000366210938,41.18936538696289,455.58355712890625,85.54816436767578
2022-06-02,148.2343292236328,125.51100158691406,149.73226928710938,116.58866882324219,157.8454132080078,265.66522216796875,20.509000778198242,41.43319320678711,455.31536865234375,85.3995361328125
2022-06-03,142.51904296875,122.3499984741211,151.0934600830078,113.53426361083984,157.1950225830078,261.2533264160156,19.898000717163086,41.8421745300293,449.16436767578125,86.6411361694336
2022-06-06,143.2640838623047,124.79000091552734,150.43838500976562,115.79373168945312,157.17713928222656,260.0245666503906,19.714000701904297,41.88935852050781,453.391357421875,86.42254638671875
2022-06-07,145.78353881835938,123.0,153.3053741455078,116.11983489990234,158.90576171875,263.6527404785156,19.861000061035156,42.43991470336914,459.79205322265625,90.3834457397461
2022-06-08,145.0482635498047,121.18000030517578,154.09658813476562,116.16393280029297,157.9612579345703,261.63067626953125,20.283000946044922,42.054527282714844,456.4898986816406,91.45015716552734
2022-06-09,139.83294677734375,116.1500015258789,151.02540588378906,113.82617950439453,154.7803192138672,256.193115234375,19.277000427246094,40.7253303527832,452.69769287109375,89.47410583496094
2022-06-10,134.43138122558594,109.6500015258789,149.2218017578125,110.1844711303711,153.7467041015625,244.7762451171875,18.29400062561035,39.3017578125,448.2579040527344,87.83903503417969
2022-06-13,129.28469848632812,103.66999816894531,142.35623168945312,105.45738220214844,152.19631958007812,234.3945770263672,16.9689998626709,37.68155288696289,434.4484558105469,83.8082046508789
2022-06-14,130.1473846435547,102.30999755859375,142.5434112548828,105.77753448486328,149.8618621826172,236.55218505859375,16.753999710083008,37.68940734863281,427.0950927734375,84.02677917480469
2022-06-15,132.76486206054688,107.66999816894531,139.74441528320312,108.79975128173828,151.46568298339844,243.58615112304688,18.01099967956543,38.1534538269043,429.48150634765625,82.96880340576172
2022-06-16,127.5005111694336,103.66000366210938,132.27481079101562,105.10154724121094,151.5458526611328,237.0166015625,17.334999084472656,37.343353271484375,423.3643493652344,79.90850067138672
2022-06-17,128.9709930419922,106.22000122070312,126.23450469970703,106.2017822265625,150.993408203125,239.60958862304688,17.551000595092773,36.596168518066406,419.6235046386719,75.30059051513672
2022-06-21,133.1962127685547,108.68000030517578,131.5176544189453,110.5635986328125,154.1565704345703,245.50186157226562,17.090999603271484,37.83885955810547,445.8558044433594,79.98719787597656
2022-06-22,132.6864471435547,108.94999694824219,125.80062103271484,110.50762176513672,156.58909606933594,244.91165161132812,17.888999938964844,38.593902587890625,454.5441589355469,76.82199096679688
2022-06-23,135.54896545410156,112.44000244140625,121.17251586914062,111.25546264648438,160.08193969726562,250.45559692382812,18.17099952697754,39.39613723754883,463.94732666015625,74.50492095947266
2022-06-24,138.8722686767578,116.45999908447266,123.16328430175781,116.93807220458984,162.42535400390625,259.0085754394531,19.084999084472656,40.57589340209961,460.07659912109375,75.98258972167969
2022-06-27,138.8722686767578,113.22000122070312,125.54539489746094,114.81542205810547,162.27381896972656,256.28985595703125,18.913999557495117,40.803977966308594,469.37762451171875,77.8449935913086
2022-06-28,134.73533630371094,107.4000015258789,127.56166076660156,111.02303314208984,157.65830993652344,248.15289306640625,17.959999084472656,39.84444808959961,471.9581298828125,80.00468444824219
2022-06-29,136.4900665283203,108.91999816894531,125.04345703125,110.7197265625,157.70286560058594,251.81016540527344,17.836000442504883,40.064666748046875,478.7063903808594,77.0493392944336
2022-06-30,134.02947998046875,106.20999908447266,123.17179107666016,108.00527954101562,158.1661834716797,248.49151611328125,17.48699951171875,41.23656463623047,476.7756652832031,74.8808822631836
2022-07-01,136.1959686279297,109.55999755859375,124.64359283447266,107.78177642822266,159.95716857910156,251.15220642089844,17.9950008392334,41.14218521118164,480.2751770019531,76.55094146728516
2022-07-05,138.77420043945312,113.5,121.3681869506836,112.26749420166016,158.72756958007812,254.31613159179688,18.58799934387207,40.61522674560547,468.9877014160156,74.15516662597656
2022-07-06,140.10743713378906,114.33000183105469,119.76879119873047,113.56498718261719,158.8701171875,257.5670166015625,18.4060001373291,41.488250732421875,478.3165588378906,72.81739807128906
2022-07-07,143.469970703125,116.33000183105469,122.0998306274414,117.73898315429688,159.04830932617188,259.68585205078125,18.927000045776367,42.01520919799805,477.4718322753906,75.14320373535156
2022-07-08,144.14639282226562,115.54000091552734,121.4617919921875,118.3044662475586,158.85227966308594,258.969970703125,18.697999954223633,41.818580627441406,481.41693115234375,75.26561737060547
2022-07-11,142.01907348632812,111.75,120.38980865478516,114.65978240966797,158.91465759277344,255.92222595214844,17.733999252319336,41.59834671020508,479.8574523925781,74.8808822631836
2022-07-12,142.9895782470703,109.22000122070312,118.18638610839844,113.01834869384766,156.68710327148438,245.43411254882812,17.44499969482422,40.92982482910156,477.5090026855469,73.88411712646484
2022-07-13,142.6269073486328,110.4000015258789,117.39519500732422,110.37479400634766,156.32177734375,244.51499938964844,17.6560001373291,40.73320388793945,465.2747497558594,74.18138885498047
2022-07-14,145.5482635498047,110.62999725341797,115.6511459350586,109.39744567871094,156.53562927246094,245.83084106445312,17.47800064086914,40.41858673095703,466.3792724609375,72.69497680664062
2022-07-15,147.2147674560547,113.55000305175781,117.1059341430664,110.79503631591797,158.80775451660156,248.38510131835938,18.910999298095703,40.70174026489258,491.7389831542969,73.91907501220703
2022-07-18,144.17579650878906,113.76000213623047,118.7479019165039,108.07169342041016,155.24363708496094,245.9953155517578,19.091999053955078,39.91523361206055,482.1038513183594,75.2830810546875
2022-07-19,148.02845764160156,118.20999908447266,123.02718353271484,112.8096923828125,152.98043823242188,251.10391235351562,20.163000106811523,40.40285873413086,495.17352294921875,77.18046569824219
2022-07-20,150.0283203125,122.7699966430664,124.65210723876953,112.89889526367188,152.10723876953125,253.75491333007812,21.643999099731445,39.97028350830078,482.19659423828125,78.02861785888672
2022-07-21,152.29286193847656,124.62999725341797,123.69923400878906,113.33502197265625,152.641845703125,256.2414855957031,22.38800048828125,40.20624542236328,484.97210693359375,76.72579956054688
2022-07-22,151.05767822265625,122.41999816894531,122.66986846923828,106.95164489746094,153.36355590820312,251.9069061279297,22.04400062561035,40.292762756347656,483.9974670410156,76.13998413085938
2022-07-25,149.94004821777344,121.13999938964844,126.31956481933594,106.5650634765625,153.66648864746094,250.4265899658203,21.85099983215332,40.717464447021484,491.4791259765625,78.67565155029297
2022-07-26,148.6166534423828,114.80999755859375,125.33274841308594,104.09695434570312,154.7535858154297,243.7215576171875,21.391000747680664,41.13431167602539,493.4470520019531,78.36961364746094
2022-07-27,153.70448303222656,120.97000122070312,126.98316192626953,112.0662841796875,154.32589721679688,260.0148010253906,22.674999237060547,40.85904312133789,496.2502136230469,80.0658950805664
2022-07-28,154.25350952148438,122.27999877929688,127.94448852539062,113.2160873413086,155.2169189453125,267.43585205078125,22.601999282836914,40.201171875,502.63665771484375,81.00147247314453
2022-07-29,159.3119354248047,134.9499969482422,139.33604431152344,115.29762268066406,155.5019989013672,271.6252746582031,22.489999771118164,40.03471374511719,503.4256591796875,84.75251007080078
2022-08-01,158.33164978027344,135.38999938964844,136.55410766601562,113.85047149658203,154.95852661132812,268.9839172363281,22.621000289916992,40.11399841308594,496.96502685546875,82.61030578613281
2022-08-02,156.86111450195312,134.16000366210938,135.3885955810547,114.11808013916016,154.07638549804688,265.89752197265625,22.142000198364258,39.38478469848633,497.0393981933594,82.25181579589844
2022-08-03,162.8607177734375,139.52000427246094,132.17271423339844,117.04216003417969,155.56439208984375,273.2991027832031,22.67300033569336,39.51952362060547,501.85699462890625,79.58499145507812
2022-08-04,162.54701232910156,142.57000732421875,128.5825958251953,117.15120697021484,153.0695343017578,274.44073486328125,22.990999221801758,39.51952362060547,495.4520568847656,76.23616790771484
2022-08-05,162.3212127685547,140.8000030517578,130.70945739746094,116.4375228881836,152.46365356445312,273.7248229980469,22.67799949645996,39.05188751220703,496.6679992675781,77.33787536621094
2022-08-08,161.8500213623047,139.41000366210938,130.51377868652344,116.2690200805664,151.6527862548828,271.2188720703125,23.349000930786133,39.289669036865234,498.097412109375,77.77505493164062
2022-08-09,161.8990936279297,137.8300018310547,132.21530151367188,115.60489654541016,151.63494873046875,273.1346130371094,22.993999481201172,39.456119537353516,498.7101745605469,79.20901489257812
2022-08-10,166.1399383544922,142.69000244140625,132.56405639648438,118.64791870117188,152.07159423828125,279.77191162109375,24.410999298095703,39.59086608886719,499.1371154785156,79.96096801757812
2022-08-11,165.40371704101562,140.63999938964844,135.7969512939453,117.79547882080078,148.92626953125,277.7013244628906,24.270000457763672,38.2751350402832,494.6257019042969,82.27406311035156
2022-08-12,168.94761657714844,143.5500030517578,135.99261474609375,120.61051940917969,147.28677368164062,282.4326171875,24.93000030517578,39.717681884765625,504.6880187988281,82.98918914794922
2022-08-15,170.0176239013672,143.17999267578125,133.40631103515625,121.00700378417969,147.99069213867188,283.94195556640625,24.910999298095703,39.43234634399414,505.56060791015625,81.50596618652344
2022-08-16,169.86053466796875,144.77999877929688,133.06602478027344,120.6303482055664,149.30938720703125,283.2065734863281,24.569000244140625,39.51952362060547,506.9344482421875,80.74671936035156
2022-08-17,171.3527069091797,142.10000610351562,134.16351318359375,118.49923706054688,149.3182830810547,282.4600524902344,24.114999771118164,39.05188751220703,505.8948669433594,81.40003967285156
2022-08-18,170.9600372314453,142.3000030517578,136.5157470703125,119.11378479003906,148.59657287597656,281.3450012207031,24.517000198364258,38.50498580932617,506.0989990234375,83.3246841430664
2022-08-19,168.3782196044922,138.22999572753906,135.3739776611328,116.17982482910156,150.85975646972656,277.4472961425781,24.115999221801758,38.95677947998047,508.9765625,83.05982208251953
2022-08-22,164.5005645751953,133.22000122070312,134.6957550048828,113.23591613769531,150.33053588867188,269.30279541015625,22.65399932861328,38.75862503051758,505.4956970214844,82.99803161621094
2022-08-23,164.16676330566406,133.6199951171875,139.06541442871094,112.85924530029297,149.0209197998047,268.0326232910156,22.454999923706055,38.053199768066406,497.3548583984375,86.5206298828125
2022-08-24,164.46128845214844,133.8000030517578,140.09561157226562,112.69075012207031,148.52757263183594,267.4023742675781,22.961000442504883,37.59348678588867,497.967529296875,87.03272247314453
2022-08-25,166.91551208496094,137.27999877929688,141.3231964111328,115.62472534179688,149.9179229736328,270.3692932128906,23.398000717163086,37.96601104736328,502.7107849121094,87.48296356201172
2022-08-26,160.62290954589844,130.75,140.2844696044922,109.37018585205078,147.3524627685547,259.9365539550781,22.327999114990234,37.1099967956543,491.2748718261719,86.4058837890625
2022-08-29,158.4239501953125,129.7899932861328,141.3318328857422,108.45829010009766,146.21322631835938,257.16351318359375,22.457000732421875,36.64234924316406,491.7575988769531,88.39231872558594
2022-08-30,155.99920654296875,128.72999572753906,137.8893280029297,107.98249816894531,145.70196533203125,254.97227478027344,22.065000534057617,36.341156005859375,485.3247985839844,85.02860260009766
2022-08-31,154.3401336669922,126.7699966430664,135.69158935546875,107.2688217163086,144.72422790527344,253.5178985595703,22.356000900268555,35.8497428894043,482.0667419433594,84.39293670654297
2022-09-01,155.06658935546875,127.81999969482422,133.5281982421875,108.77546691894531,148.31228637695312,252.48045349121094,23.003999710083008,36.95940399169922,486.4015808105469,82.87442779541016
2022-09-02,152.95594787597656,127.51000213623047,135.5113067626953,106.90206909179688,145.9800567626953,248.27239990234375,22.611000061035156,36.22227478027344,479.3004455566406,84.39293670654297
2022-09-06,151.69940185546875,126.11000061035156,134.88461303710938,105.8712158203125,146.3747100830078,245.5478515625,21.839000701904297,36.26982879638672,480.5350646972656,83.82791900634766
2022-09-07,153.1032257080078,129.47999572753906,133.15904235839844,108.48799896240234,147.17306518554688,250.24069213867188,22.895999908447266,36.56309127807617,484.248046875,83.11278533935547
2022-09-08,151.6306915283203,129.82000732421875,133.88018798828125,107.42741394042969,148.3571319580078,250.65757751464844,22.743999481201172,37.31607437133789,489.6596984863281,83.79261016845703
2022-09-09,154.4873809814453,133.27000427246094,137.33126831054688,109.6774673461914,148.64414978027344,256.4168701171875,23.35700035095215,37.918453216552734,488.2443542480469,85.19636535644531
2022-09-12,160.43638610839844,136.4499969482422,139.50328063964844,109.88561248779297,148.5813751220703,258.5403137207031,23.652999877929688,37.85504150390625,494.6787414550781,86.17633056640625
2022-09-13,151.02206420898438,126.81999969482422,136.8505401611328,103.4030990600586,144.71524047851562,244.326171875,21.812999725341797,36.610652923583984,478.5789794921875,84.16340637207031
2022-09-14,152.46510314941406,128.5500030517578,140.164306640625,104.07714080810547,147.7023162841797,244.5491943359375,22.41200065612793,36.57894515991211,474.6773986816406,86.22930908203125
2022-09-15,149.57894897460938,126.27999877929688,137.8893280029297,102.00550079345703,148.0790252685547,237.917236328125,23.538000106811523,36.412498474121094,486.91278076171875,83.72197723388672
2022-09-16,147.93959045410156,123.52999877929688,134.3094482421875,101.8964614868164,150.3395233154297,237.29666137695312,24.01300048828125,36.48382568359375,485.1529846191406,82.2917251586914
2022-09-19,151.65029907226562,124.66000366210938,134.6957550048828,102.16409301757812,149.15545654296875,237.0833740234375,24.363000869750977,36.01618957519531,487.50872802734375,82.28289031982422
2022-09-20,154.02601623535156,122.19000244140625,134.16348266601562,100.25104522705078,147.9803924560547,235.07635498046875,24.28499984741211,35.485145568847656,486.81048583984375,81.6119155883789
2022-09-21,150.9042510986328,118.54000091552734,133.0732421875,98.40739440917969,146.4644317626953,231.6828155517578,23.687000274658203,34.81142044067383,476.8284912109375,80.29644775390625
2022-09-22,149.94219970703125,117.30999755859375,132.97018432617188,99.25982666015625,149.06576538085938,233.6510467529297,23.704999923706055,35.32661819458008,481.8380432128906,79.96097564697266
2022-09-23,147.6745147705078,113.77999877929688,124.2823715209961,97.87214660644531,149.55014038085938,230.68411254882812,22.641000747680664,34.93824768066406,478.2530212402344,75.70558166503906
2022-09-26,148.00831604003906,115.1500015258789,121.01154327392578,97.30715942382812,148.6352081298828,230.22840881347656,22.406999588012695,34.74009704589844,473.364501953125,74.14290618896484
2022-09-27,148.98013305664062,114.41000366210938,121.06307983398438,96.6430435180664,147.95346069335938,229.2200469970703,22.43600082397461,34.9461669921875,473.3737487792969,75.69674682617188
2022-09-28,147.09535217285156,118.01000213623047,125.14944458007812,99.17063903808594,149.22720336914062,233.7383270263672,24.520000457763672,35.21566390991211,478.560302734375,78.45125579833984
2022-09-29,139.87013244628906,114.80000305175781,124.2823715209961,96.56375122070312,147.58566284179688,230.2769012451172,23.97100067138672,35.001651763916016,473.8020935058594,78.29237365722656
2022-09-30,135.6685333251953,113.0,123.33808135986328,94.8093032836914,146.53616333007812,225.81674194335938,23.54400062561035,34.68460464477539,470.2730407714844,77.08282470703125
2022-10-03,139.84066772460938,115.87999725341797,130.25741577148438,97.77303314208984,146.39266967773438,233.41831970214844,23.90399932861328,34.98579406738281,480.0223083496094,81.15283203125
2022-10-04,143.42385864257812,121.08999633789062,135.3224639892578,100.74665832519531,148.5634307861328,241.310791015625,24.073999404907227,35.23943328857422,487.1549377441406,84.11042022705078
2022-10-05,143.71835327148438,120.94999694824219,136.09506225585938,100.53849792480469,148.10594177246094,241.62103271484375,23.67300033569336,34.969947814941406,490.7865295410156,87.50946044921875
2022-10-06,142.76611328125,120.30000305175781,138.57611083984375,100.5285873413086,145.23550415039062,239.2843475341797,24.00200080871582,34.153568267822266,483.3930358886719,90.10507202148438
2022-10-07,137.52394104003906,114.55999755859375,137.3828125,97.81267547607422,143.7016143798828,227.11605834960938,22.475000381469727,33.54324722290039,470.09613037109375,89.19573211669922
2022-10-10,137.8478546142578,113.66999816894531,134.9017791748047,96.99988555908203,143.88998413085938,222.2777862548828,22.99799919128418,33.09146499633789,464.51849365234375,87.26226806640625
2022-10-11,136.43423461914062,112.20999908447266,134.9275360107422,96.32586669921875,145.97105407714844,218.55458068847656,21.429000854492188,33.22620391845703,465.403076171875,86.5206298828125
2022-10-12,135.80596923828125,112.9000015258789,135.33103942871094,96.7025146484375,145.9351806640625,218.88421630859375,22.086999893188477,33.313385009765625,465.5426940917969,86.9002685546875
2022-10-13,140.37081909179688,112.52999877929688,141.88983154296875,98.1893310546875,148.141845703125,227.11605834960938,23.250999450683594,34.066375732421875,474.80780029296875,89.93732452392578
2022-10-14,135.84524536132812,106.9000015258789,137.4772491455078,95.71129608154297,147.52288818359375,221.6087646484375,23.0,33.97126007080078,477.80615234375,87.57125091552734
2022-10-17,139.80140686035156,113.79000091552734,138.4816131591797,99.09134674072266,149.4335174560547,230.30596923828125,24.510000228881836,34.5974235534668,485.9538269042969,88.833740234375
2022-10-18,141.1168670654297,116.36000061035156,139.6920928955078,99.88430786132812,148.91329956054688,231.24649047851562,24.086000442504883,34.9461669921875,486.2611083984375,88.99266815185547
2022-10-19,141.22483825683594,115.06999969482422,144.2248992919922,98.75432586669922,147.72921752929688,229.2878875732422,27.238000869750977,34.16940689086914,484.5010986328125,91.63243103027344
2022-10-20,140.7634735107422,115.25,145.0490264892578,99.09134674072266,148.10594177246094,228.96792602539062,26.81599998474121,34.010887145996094,485.0226135253906,91.75603485107422
2022-10-21,144.5723876953125,119.31999969482422,148.680419921875,100.24113464355469,151.33518981933594,234.75636291503906,28.957000732421875,35.627811431884766,496.9880065917969,93.4599609375
2022-10-24,146.71246337890625,119.81999969482422,148.62890625,101.61890411376953,153.37139892578125,239.73037719726562,28.2450008392334,36.09545135498047,504.316162109375,94.11326599121094
2022-10-25,149.54954528808594,120.5999984741211,150.1741485595703,103.56169128417969,153.12925720214844,243.03663635253906,29.101999282836914,36.13508224487305,503.0313415527344,93.47760009765625
2022-10-26,146.61431884765625,115.66000366210938,152.02847290039062,94.09563446044922,154.47476196289062,224.28482055664062,29.86199951171875,36.50761032104492,505.7781677246094,94.59003448486328
2022-10-27,142.14764404296875,110.95999908447266,152.7238311767578,91.40946197509766,154.56442260742188,219.85379028320312,29.694000244140625,36.25398254394531,504.50250244140625,94.95199584960938
2022-10-28,152.88726806640625,103.41000366210938,154.50949096679688,95.44368743896484,156.8607940673828,228.69644165039062,29.57200050354004,37.59348678588867,513.2926635742188,97.7330322265625
2022-10-31,150.53121948242188,102.44000244140625,155.29933166503906,93.67932891845703,156.0535125732422,225.0701904296875,29.187999725341797,36.895992279052734,516.9335327148438,97.83013153076172
2022-11-01,147.89047241210938,96.79000091552734,156.4324951171875,89.67481231689453,155.2641143798828,221.23060607910156,28.674999237060547,38.053199768066406,509.6331787109375,98.8012924194336
2022-11-02,142.37339782714844,92.12000274658203,153.23895263671875,86.20559692382812,152.8780517578125,213.4060821533203,27.299999237060547,37.308143615722656,506.020263671875,96.77070617675781
2022-11-03,136.33607482910156,89.30000305175781,155.4967498779297,82.69670104980469,153.13819885253906,207.73397827148438,26.9060001373291,37.22821044921875,506.1878662109375,98.08616638183594
2022-11-04,136.07057189941406,90.9800033569336,157.4626922607422,85.81902313232422,153.81993103027344,214.6568145751953,26.07900047302246,37.74782943725586,501.1222839355469,99.15442657470703
2022-11-07,136.60157775878906,90.52999877929688,159.34275817871094,87.71223449707031,155.16542053222656,220.9397430419922,25.860000610351562,37.64389419555664,507.5008544921875,100.3286361694336
2022-11-08,137.171875,89.9800033569336,159.11097717285156,88.1186294555664,155.93687438964844,221.9093475341797,26.34600067138672,37.85174560546875,514.9780883789062,100.64646911621094
2022-11-09,132.619140625,86.13999938964844,152.74960327148438,86.55252075195312,154.6900177001953,217.68194580078125,25.465999603271484,37.34811782836914,503.44085693359375,96.14387512207031
2022-11-10,144.4188690185547,96.62999725341797,155.64273071289062,93.11433410644531,156.50196838378906,235.59022521972656,27.496999740600586,37.8757209777832,506.7093505859375,97.55644226074219
2022-11-11,147.20167541503906,100.79000091552734,160.07247924804688,95.56263732910156,151.819580078125,239.59461975097656,29.01300048828125,38.051597595214844,486.1399841308594,100.60232543945312
2022-11-14,145.80535888671875,98.48999786376953,160.14976501464844,94.85885620117188,154.20567321777344,234.2037353515625,29.927000045776367,39.36261749267578,478.3834533691406,100.8960189819336
2022-11-15,147.53598022460938,98.94000244140625,161.43746948242188,97.57478332519531,154.63624572753906,234.61093139648438,31.020000457763672,38.827022552490234,468.38275146484375,101.57239532470703
2022-11-16,146.3068389892578,97.12000274658203,158.81051635742188,97.9811782836914,155.5959930419922,235.03872680664062,30.601999282836914,38.411319732666016,476.3069152832031,100.48662567138672
2022-11-17,148.20465087890625,94.8499984741211,159.26034545898438,97.49549102783203,156.8518524169922,234.9901123046875,29.527999877929688,38.63515853881836,479.8360290527344,100.62012481689453
2022-11-18,148.76510620117188,94.13999938964844,158.3087158203125,96.57365417480469,158.0538330078125,234.5428924560547,28.79800033569336,38.55521774291992,493.5147399902344,99.74796295166016
2022-11-21,145.53985595703125,92.45999908447266,156.79476928710938,94.75973510742188,158.86634826660156,235.349853515625,28.5049991607666,38.51524353027344,481.5865783691406,98.76007080078125
2022-11-22,147.67364501953125,93.19999694824219,160.81756591796875,96.19699096679688,159.6337432861328,238.24737548828125,28.66900062561035,39.234710693359375,487.08050537109375,101.61689758300781
2022-11-23,148.54881286621094,94.12999725341797,159.39013671875,97.59461212158203,159.80528259277344,240.72683715820312,29.149999618530273,39.05085372924805,493.24481201171875,101.109619140625
2022-11-25,145.63819885253906,93.41000366210938,158.92295837402344,96.60340118408203,160.01290893554688,240.63929748535156,28.554000854492188,39.3386344909668,500.6102294921875,100.75360107421875
2022-11-28,141.81312561035156,93.94999694824219,154.30323791503906,95.2057876586914,160.09417724609375,235.0679168701172,28.117000579833984,39.62641906738281,495.62847900390625,97.72772216796875
2022-11-29,138.81402587890625,92.41999816894531,156.61306762695312,94.35334014892578,158.9746856689453,233.67752075195312,28.09600067138672,39.562461853027344,491.6525573730469,98.37739562988281
2022-11-30,145.55953979492188,96.54000091552734,158.58554077148438,100.10237121582031,160.6990509033203,248.0775604248047,30.55299949645996,40.0740852355957,510.05206298828125,99.08935546875
2022-12-01,145.83486938476562,95.5,157.8761749267578,100.10237121582031,161.3671112060547,247.6400146484375,31.69499969482422,40.833518981933594,499.948974609375,98.6087875366211
2022-12-02,145.3432159423828,94.12999725341797,156.61306762695312,99.55721282958984,161.49351501464844,247.96084594726562,32.04100036621094,40.69761657714844,500.7896728515625,97.772216796875
2022-12-05,144.1829071044922,91.01000213623047,152.74598693847656,98.60565185546875,161.40322875976562,243.2743377685547,31.259000778198242,40.5537223815918,499.7436218261719,95.09339904785156
2022-12-06,140.52499389648438,88.25,148.8096923828125,96.12761688232422,158.98373413085938,238.33493041992188,30.555999755859375,39.73833465576172,503.74127197265625,92.4501953125
2022-12-07,138.58786010742188,88.45999908447266,149.2509002685547,94.10556030273438,159.94972229003906,237.60568237304688,30.841999053955078,40.162017822265625,507.0944519042969,92.24549102783203
2022-12-08,140.26931762695312,90.3499984741211,150.13330078125,92.8863525390625,159.97679138183594,240.5518035888672,31.025999069213867,41.393096923828125,511.7739562988281,92.93077087402344
2022-12-09,139.7875213623047,89.08999633789062,145.34056091308594,92.01409912109375,158.65872192382812,238.62660217285156,32.000999450683594,41.34513473510742,503.6291809082031,92.14759826660156
2022-12-12,142.07859802246094,90.55000305175781,146.8544921875,92.4898681640625,160.55458068847656,245.5203399658203,31.51799964904785,41.696868896484375,509.8498229980469,94.41703033447266
2022-12-13,143.0422821044922,92.48999786376953,150.1246337890625,94.78948211669922,161.7914276123047,249.8082733154297,32.034000396728516,42.42433166503906,502.7138671875,95.44940185546875
2022-12-14,140.82000732421875,91.58000183105469,149.08651733398438,94.2343978881836,162.28797912597656,250.0999755859375,31.783000946044922,43.551483154296875,502.8445739746094,94.74630737304688
2022-12-15,134.22193908691406,88.44999694824219,147.97048950195312,90.06140899658203,160.2386016845703,242.11721801757812,29.041000366210938,42.85600662231445,492.8691101074219,93.83855438232422
2022-12-16,132.26516723632812,87.86000061035156,145.96340942382812,89.4666748046875,158.5955047607422,237.91680908203125,29.070999145507812,41.089324951171875,489.1517639160156,93.17996215820312
2022-12-19,130.160888671875,84.91999816894531,146.9669952392578,87.66266632080078,158.42396545410156,233.79415893554688,28.829999923706055,41.057350158691406,489.058349609375,93.59825134277344
2022-12-20,130.09207153320312,85.19000244140625,149.38067626953125,88.2375717163086,158.5955047607422,235.10684204101562,28.819000244140625,41.02536392211914,485.8919982910156,94.95101928710938
2022-12-21,133.18948364257812,86.7699966430664,151.13685607910156,88.79265594482422,160.41014099121094,237.6639862060547,29.79599952697754,41.29716491699219,492.7383117675781,96.1702651977539
2022-12-22,130.02325439453125,83.79000091552734,148.8702392578125,86.9886474609375,159.82333374023438,231.59674072265625,29.774999618530273,41.28117752075195,492.31805419921875,94.2301254272461
2022-12-23,129.65940856933594,85.25,153.47265625,88.44574737548828,160.2295684814453,232.12176513671875,29.496000289916992,41.43307113647461,496.25970458984375,96.7220458984375
2022-12-27,127.8599624633789,83.04000091552734,155.4019012451172,86.62190246582031,160.18446350097656,230.4008026123047,28.41699981689453,40.87348937988281,496.89495849609375,98.06591796875
2022-12-28,123.9365463256836,81.81999969482422,153.10934448242188,85.2639389038086,159.48928833007812,228.0380401611328,27.687999725341797,40.609683990478516,493.5884094238281,96.45504760742188
2022-12-29,127.44695281982422,84.18000030517578,154.2686309814453,87.67259216308594,160.30181884765625,234.3386688232422,29.11199951171875,41.03336715698242,494.9239807128906,97.18482971191406
2022-12-30,127.7615966796875,84.0,155.28079223632812,87.45452880859375,159.480224609375,233.18162536621094,29.488000869750977,40.961421966552734,495.2042236328125,98.1637954711914
2023-01-03,122.98271942138672,85.81999969482422,150.52259826660156,88.3366928100586,160.87059020996094,232.9482879638672,29.4950008392334,40.97740936279297,484.425537109375,94.79082489013672
2023-01-04,124.25120544433594,85.13999938964844,148.9221649169922,87.30583190917969,162.62205505371094,222.7583770751953,30.94099998474121,40.0740852355957,471.21832275390625,95.06669616699219
2023-01-05,122.93355560302734,83.12000274658203,151.60403442382812,85.4423599243164,161.42127990722656,216.1562957763672,30.969999313354492,39.698368072509766,457.63751220703125,97.19373321533203
2023-01-06,127.45675659179688,86.08000183105469,152.74598693847656,86.57233428955078,162.73036193847656,218.7037811279297,31.55500030517578,40.705604553222656,457.67486572265625,98.36849975585938
2023-01-09,127.97793579101562,87.36000061035156,151.55210876464844,87.2463607788086,158.51425170898438,220.83316040039062,31.517000198364258,38.683109283447266,457.7309265136719,96.53517150878906
2023-01-10,128.5482635498047,89.87000274658203,152.29611206054688,87.64283752441406,158.1350860595703,222.5153045654297,32.75400161743164,38.06757354736328,453.9387512207031,97.97689056396484
2023-01-11,131.26222229003906,95.08999633789062,151.56944274902344,90.71561431884766,157.88230895996094,229.24374389648438,32.72600173950195,37.931678771972656,460.85064697265625,99.1160659790039
2023-01-12,131.18353271484375,95.2699966430664,153.19586181640625,90.32903289794922,157.08782958984375,231.90786743164062,33.01300048828125,38.1395263671875,462.9708557128906,100.76252746582031
2023-01-13,132.510986328125,98.12000274658203,153.61109924316406,91.3103256225586,156.57322692871094,232.6079559326172,33.28200149536133,38.251441955566406,457.2732849121094,100.7002182006836
2023-01-17,133.67132568359375,96.05000305175781,156.1459197998047,90.48762512207031,155.6072540283203,233.69696044921875,32.62200164794922,36.83650588989258,453.07940673828125,100.5044174194336
2023-01-18,132.95350646972656,95.45999908447266,153.32562255859375,90.31912231445312,153.2599334716797,229.28260803222656,32.632999420166016,35.97315216064453,444.8226623535156,98.439697265625
2023-01-19,133.0124969482422,93.68000030517578,154.8568878173828,92.23216247558594,153.05230712890625,225.510009765625,31.577999114990234,35.941162109375,452.4069519042969,99.07154846191406
2023-01-20,135.56912231445312,97.25,156.50062561035156,97.1584701538086,152.3390655517578,233.57054138183594,34.25,36.06107711791992,454.6112976074219,100.87821197509766
2023-01-23,138.7550506591797,97.5199966430664,156.29299926757812,98.91291809082031,151.9508819580078,235.865234375,35.742000579833984,35.95716094970703,453.76129150390625,100.35314178466797
2023-01-24,140.15133666992188,96.31999969482422,156.44003295898438,96.84129333496094,151.9508819580078,235.34014892578125,36.382999420166016,35.74131393432617,459.16937255859375,101.28759002685547
2023-01-25,139.4925079345703,97.18000030517578,154.9261016845703,94.38308715820312,153.03424072265625,233.94976806640625,36.79600143432617,36.02910232543945,460.00994873046875,100.75360107421875
2023-01-26,141.55746459960938,99.22000122070312,162.4613037109375,96.66285705566406,152.47450256347656,241.13519287109375,36.48699951171875,35.698341369628906,459.99127197265625,104.80299377441406
2023-01-27,143.4945831298828,102.23999786376953,155.24618530273438,98.49662017822266,151.87864685058594,241.290771484375,36.07699966430664,35.327239990234375,453.98541259765625,102.8895492553711
2023-01-30,140.61346435546875,100.55000305175781,150.70431518554688,96.08797454833984,146.25416564941406,235.99160766601562,35.31100082397461,35.13361740112305,453.74267578125,101.06510925292969
2023-01-31,141.88194274902344,103.12999725341797,150.548583984375,97.97126007080078,147.53616333007812,240.950439453125,35.38600158691406,35.625728607177734,466.2586669921875,103.24555206298828
2023-02-01,143.00291442871094,105.1500015258789,148.2473602294922,99.54729461669922,148.890380859375,245.75367736816406,36.19900131225586,35.47245407104492,464.2131042480469,102.11526489257812
2023-02-02,148.30296325683594,112.91000366210938,146.21429443359375,106.79303741455078,149.45010375976562,257.2756652832031,36.68899917602539,35.77094268798828,439.76953125,98.92028045654297
2023-02-03,151.9215850830078,103.38999938964844,146.59494018554688,103.85906982421875,148.61050415039062,251.19873046875,36.59000015258789,35.54505920410156,440.88104248046875,99.6055679321289
2023-02-06,149.19778442382812,102.18000030517578,146.7593536376953,101.9955825805664,147.48199462890625,249.6624298095703,36.14799880981445,35.30303192138672,443.8885803222656,99.43648529052734
2023-02-07,152.06906127929688,102.11000061035156,150.60911560058594,106.69392395019531,147.51809692382812,260.1537780761719,36.29499816894531,35.16588592529297,445.4204406738281,102.27547454833984
2023-02-08,149.3846435546875,100.05000305175781,147.07078552246094,98.49662017822266,147.7077178955078,259.34674072265625,36.68299865722656,35.48051071166992,451.3421325683594,101.38549041748047
2023-02-09,148.35214233398438,98.23999786376953,145.72120666503906,94.1749267578125,145.71249389648438,256.3227844238281,36.25,34.964202880859375,453.68658447265625,101.76817321777344
2023-02-10,148.71652221679688,97.61000061035156,148.7750701904297,93.73880004882812,146.3896026611328,255.8172607421875,34.736000061035156,35.399845123291016,461.64453125,106.05784606933594
2023-02-13,151.51339721679688,99.54000091552734,147.944580078125,93.77845001220703,146.93130493164062,263.8096618652344,35.856998443603516,35.488590240478516,462.67193603515625,105.64531707763672
2023-02-14,150.87326049804688,99.69999694824219,149.077880859375,93.84783172607422,146.290283203125,264.63616943359375,35.99599838256836,35.27076721191406,460.3182373046875,104.40769958496094
2023-02-15,152.9709014892578,101.16000366210938,147.50686645507812,96.08797454833984,143.8798065185547,262.52093505859375,36.141998291015625,34.948062896728516,458.84234619140625,104.09381103515625
2023-02-16,151.3755340576172,98.1500015258789,145.3773193359375,94.67053985595703,142.85968017578125,255.53187561035156,35.07099914550781,34.64957809448242,455.1996765136719,103.78888702392578
2023-02-17,150.23312377929688,97.19999694824219,142.130615234375,93.52072143554688,145.84213256835938,251.54519653320312,34.79600143432617,34.85932540893555,466.1558532714844,99.79804992675781
2023-02-21,146.22496032714844,94.58000183105469,140.51600646972656,90.98323822021484,143.66893005371094,246.29127502441406,33.75,34.4478874206543,458.89849853515625,99.69938659667969
2023-02-22,146.64840698242188,95.79000091552734,139.94869995117188,90.84446716308594,143.46885681152344,245.1605224609375,33.487998962402344,34.189727783203125,456.63812255859375,98.40796661376953
2023-02-23,147.13095092773438,95.81999969482422,141.32766723632812,90.09114074707031,143.42340087890625,248.33827209472656,32.3650016784668,34.125186920166016,459.2533874511719,99.31375885009766
2023-02-24,144.48182678222656,93.5,141.74661254882812,88.34661102294922,141.82305908203125,242.9283905029297,31.71500015258789,33.681480407714844,452.3788757324219,99.3227310180664
2023-02-27,145.67347717285156,93.76000213623047,142.10446166992188,89.0801010131836,141.51388549804688,243.84461975097656,32.303001403808594,32.89894485473633,451.4355773925781,99.14335632324219
2023-02-28,145.1712188720703,94.2300033569336,140.3152618408203,89.26841735839844,139.35885620117188,243.123291015625,32.2130012512207,32.72952651977539,444.54241943359375,98.56940460205078
2023-03-01,143.10305786132812,92.16999816894531,141.4324188232422,89.56580352783203,138.73146057128906,240.05282592773438,31.347999572753906,32.41489791870117,443.8699035644531,99.44828033447266
2023-03-02,143.69398498535156,92.12999725341797,141.8775177001953,91.19139099121094,138.622314453125,244.77064514160156,31.187999725341797,32.769859313964844,446.18634033203125,99.90567779541016
2023-03-03,148.7362060546875,94.9000015258789,143.97218322753906,92.82688903808594,140.0499267578125,248.84512329101562,31.51799964904785,33.19744110107422,446.98956298828125,101.170166015625
2023-03-06,151.49371337890625,93.75,145.0281982421875,94.29386901855469,141.45022583007812,250.38522338867188,31.202999114990234,33.165164947509766,449.0631408691406,102.0669937133789
2023-03-07,149.29754638671875,93.55000305175781,143.16046142578125,93.03504180908203,140.11355590820312,247.73391723632812,30.847000122070312,32.54397201538086,442.6183166503906,100.093994140625
2023-03-08,150.5482635498047,93.91999816894531,142.25283813476562,93.42160034179688,139.08607482910156,247.29525756835938,31.179000854492188,32.366493225097656,439.5547180175781,98.63219451904297
2023-03-09,148.30288696289062,92.25,140.08834838867188,91.50858306884766,137.52206420898438,245.95008850097656,29.777999877929688,31.834043502807617,434.2400207519531,97.86988830566406
2023-03-10,146.24464416503906,90.7300033569336,139.355224609375,89.83342742919922,137.8585205078125,242.3142547607422,29.275999069213867,31.777578353881836,431.4935302734375,96.6591796875
2023-03-13,148.18472290039062,92.43000030517578,138.5173797607422,90.30921173095703,139.17698669433594,247.5097198486328,29.35099983215332,32.15673828125,434.63372802734375,95.54712677001953
2023-03-14,150.27252197265625,94.87999725341797,140.30653381347656,93.14407348632812,139.95899963378906,254.20628356933594,29.493999481201172,32.18901062011719,435.4773864746094,95.90586853027344
2023-03-15,150.66647338867188,96.19999694824219,134.2320556640625,95.26525115966797,140.3500213623047,258.7389221191406,30.378999710083008,32.49557113647461,436.274169921875,91.13478088378906
2023-03-16,153.4830322265625,100.04000091552734,134.6597137451172,99.43824768066406,140.05902099609375,269.2272644042969,31.006000518798828,32.56818389892578,442.4513244628906,90.60564422607422
2023-03-17,152.6459197998047,98.94999694824219,132.95779418945312,100.72683715820312,138.5586700439453,272.3757019042969,30.350000381469727,32.35035705566406,440.08917236328125,89.53842163085938
2023-03-20,155.0094757080078,97.70999908447266,134.91282653808594,100.3303451538086,139.9316864013672,265.3575134277344,30.51300048828125,32.92313766479492,447.08184814453125,91.8791275024414
2023-03-21,156.8609161376953,100.61000061035156,139.041015625,103.99783325195312,139.9316864013672,266.8683166503906,30.57900047302246,32.8021354675293,450.0251770019531,95.99552917480469
2023-03-22,155.4329376220703,98.69999694824219,136.21322631835938,102.46145629882812,137.34933471679688,265.41595458984375,29.389999389648438,32.27775192260742,445.7320861816406,93.79833984375
2023-03-23,156.5162353515625,98.70999908447266,134.86044311523438,104.6718521118164,137.42205810546875,270.650390625,32.0369987487793,32.41489791870117,440.4735412597656,92.74008178710938
2023-03-24,157.81619262695312,98.12999725341797,136.2045440673828,104.51325988769531,138.80418395996094,273.4869384765625,32.8390007019043,32.58430480957031,446.1726379394531,92.84770202636719
2023-03-27,155.8760986328125,98.04000091552734,137.5922088623047,101.5594482421875,139.39523315429688,269.4026794433594,32.76599884033203,32.44717025756836,451.7124328613281,94.88347625732422
2023-03-28,155.25563049316406,97.23999786376953,139.1981201171875,100.14202880859375,138.0494842529297,268.28173828125,32.35200119018555,32.26162338256836,442.9762878417969,96.0672836303711
2023-03-29,158.32830810546875,100.25,140.39382934570312,100.49885559082031,139.40431213378906,273.4284973144531,33.202999114990234,32.47136688232422,437.36151123046875,97.71742248535156
2023-03-30,159.89413452148438,102.0,141.72914123535156,100.00326538085938,139.513427734375,276.87908935546875,33.84299850463867,32.57624816894531,440.61407470703125,98.1927261352539
2023-03-31,162.3955535888672,103.29000091552734,142.40118408203125,102.81829071044922,140.94102478027344,281.02178955078125,34.54800033569336,32.915077209472656,442.98565673828125,98.34521484375
2023-04-03,163.6462860107422,102.41000366210938,148.32728576660156,103.4427490234375,142.62322998046875,279.9788818359375,34.827999114990234,33.358787536621094,463.23248291015625,104.14761352539062
2023-04-04,163.11448669433594,103.94999694824219,147.53306579589844,103.7995834350586,144.11447143554688,279.9300537109375,34.67499923706055,32.99574661254883,462.3514404296875,103.15215301513672
2023-04-05,161.27288818359375,101.0999984741211,148.26622009277344,103.55178833007812,150.58868408203125,277.16168212890625,34.23500061035156,33.52013397216797,477.3304138183594,104.91888427734375
2023-04-06,162.1592254638672,102.05999755859375,146.31993103027344,107.4670639038086,150.17041015625,284.2384338378906,33.93299865722656,33.479793548583984,480.68609619140625,103.17904663085938
2023-04-10,159.56915283203125,102.16999816894531,146.87847900390625,105.50447082519531,149.41566467285156,282.084228515625,33.89899826049805,33.665348052978516,482.9076232910156,102.7216796875
2023-04-11,158.35784912109375,99.91999816894531,147.69015502929688,104.42404174804688,149.37020874023438,275.68988037109375,33.82099914550781,33.7137565612793,488.3349304199219,103.44810485839844
2023-04-12,157.6685028076172,97.83000183105469,148.2138671875,103.72028350830078,149.05197143554688,276.333251953125,33.10300064086914,33.374916076660156,488.5411376953125,103.3404769897461
2023-04-13,163.04554748535156,102.4000015258789,150.19500732421875,106.48577880859375,151.04335021972656,282.5229187011719,34.61899948120117,33.455596923828125,493.26544189453125,103.82474517822266
2023-04-14,162.70089721679688,102.51000213623047,150.50048828125,107.9131088256836,150.79782104492188,278.91632080078125,33.862998962402344,33.22970199584961,479.7300109863281,104.07587432861328
2023-04-17,162.72055053710938,102.73999786376953,149.1738739013672,105.0385971069336,150.64321899414062,281.50909423828125,33.27199935913086,33.22164535522461,473.6934814453125,102.86518096923828
2023-04-18,163.94174194335938,102.30000305175781,148.8247528076172,103.58151245117188,146.4058837890625,281.0899963378906,33.369998931884766,32.7133903503418,472.87799072265625,104.87405395507812
2023-04-19,165.08412170410156,104.30000305175781,148.9644317626953,103.26432800292969,147.78802490234375,281.1679992675781,32.3120002746582,32.46330642700195,455.7430419921875,104.54222106933594
2023-04-20,164.11900329589844,103.80999755859375,148.24002075195312,104.36457824707031,148.7427978515625,278.8870544433594,32.53499984741211,32.14867401123047,456.9241027832031,103.70818328857422
2023-04-21,162.5137481689453,106.95999908447266,147.60287475585938,104.48352813720703,147.93353271484375,278.5458984375,32.79800033569336,32.4390983581543,453.5120849609375,104.04000854492188
2023-04-24,162.81903076171875,106.20999908447266,149.66262817382812,105.0385971069336,148.833740234375,274.6566162109375,32.902000427246094,32.19707489013672,458.3114318847656,106.00404357910156
2023-04-25,161.2827606201172,102.56999969482422,147.48944091796875,102.9372329711914,150.1976318359375,268.4670104980469,32.255001068115234,31.72916603088379,461.1047668457031,104.49739074707031
2023-04-26,161.27288818359375,104.9800033569336,144.86241149902344,102.79847717285156,147.86985778808594,287.9132385253906,32.1150016784668,31.164445877075195,452.6966552734375,103.53777313232422
2023-04-27,165.85226440429688,109.81999969482422,145.70895385742188,106.64436340332031,148.21539306640625,297.13446044921875,32.584999084472656,31.253189086914062,459.74554443359375,104.775390625
2023-04-28,167.10299682617188,105.44999694824219,147.13157653808594,106.39654541015625,148.85189819335938,299.50311279296875,32.99300003051758,31.37419891357422,461.2641296386719,106.12959289550781
2023-05-01,167.0143280029297,102.05000305175781,145.96206665039062,106.25778198242188,148.76097106933594,297.8460693359375,32.4119987487793,31.632360458374023,464.64794921875,102.83827209472656
2023-05-02,165.9802703857422,103.62999725341797,139.6781463623047,104.3943099975586,150.061279296875,297.6998596191406,31.7549991607666,31.511350631713867,462.48272705078125,98.73979949951172
2023-05-03,164.9068603515625,103.6500015258789,136.87655639648438,104.48352813720703,148.09719848632812,296.71533203125,31.93000030517578,31.019235610961914,458.7800598144531,96.79370880126953
2023-05-04,163.27206420898438,104.0,136.3441619873047,103.76984405517578,147.42428588867188,297.6998596191406,32.077999114990234,30.841747283935547,456.7554016113281,95.09870147705078
2023-05-05,170.9338836669922,105.66000366210938,139.8264923095703,104.6421127319336,147.9244384765625,302.8074951171875,32.2760009765625,31.05150032043457,463.3169250488281,97.46631622314453
2023-05-08,170.8649444580078,105.83000183105469,139.2766571044922,106.8227767944336,147.58799743652344,300.8580017089844,33.12099838256836,31.19671630859375,461.7608642578125,97.85194396972656
2023-05-09,169.16122436523438,106.62000274658203,138.8751678466797,106.40647888183594,146.44227600097656,299.24969482421875,33.2140007019043,31.04343605041504,459.6612243652344,97.87886047363281
2023-05-10,170.92405700683594,110.19000244140625,137.1034698486328,110.7677993774414,146.9878387451172,304.4256591796875,33.54199981689453,30.898218154907227,459.37066650390625,96.62329864501953
2023-05-11,171.11114501953125,112.18000030517578,136.3441619873047,115.5454330444336,146.38772583007812,302.2811584472656,34.47600173950195,30.645429611206055,458.1427001953125,94.87450408935547
2023-05-12,170.18417358398438,110.26000213623047,136.69326782226562,116.47718048095703,146.19676208496094,301.169921875,33.98899841308594,30.457862854003906,460.4580078125,94.86554718017578
2023-05-15,169.6910858154297,111.19999694824219,137.199462890625,115.4859619140625,145.07833862304688,301.6475830078125,33.5890007019043,30.302927017211914,456.3616638183594,95.04644775390625
2023-05-16,169.6910858154297,113.4000015258789,133.97891235351562,118.4595947265625,144.88735961914062,303.87005615234375,33.375,30.18060302734375,449.6689758300781,92.73971557617188
2023-05-17,170.30250549316406,115.5,135.8990478515625,119.77789306640625,144.56912231445312,306.74212646484375,33.99599838256836,29.968582153320312,454.4401550292969,94.82029724121094
2023-05-18,172.62991333007812,118.1500015258789,135.73158264160156,121.75041198730469,144.10536193847656,311.1576232910156,37.12900161743164,29.748401641845703,449.2096862792969,95.67967224121094
2023-05-19,172.7383575439453,116.25,136.8068084716797,121.6810302734375,144.49639892578125,310.9817199707031,36.5359992980957,29.984891891479492,448.8254089355469,96.12294006347656
2023-05-22,171.79161071777344,115.01000213623047,134.34791564941406,123.9509048461914,143.7176513671875,313.756103515625,36.30099868774414,31.599525451660156,450.5126037597656,94.95599365234375
2023-05-23,169.18807983398438,114.98999786376953,138.23452758789062,121.48278045654297,143.66268920898438,307.97296142578125,35.5989990234375,32.32529830932617,449.406494140625,96.24958038330078
2023-05-24,169.46424865722656,116.75,138.60467529296875,119.8373794555664,143.52525329589844,306.59552001953125,36.48500061035156,31.501672744750977,450.70947265625,97.3260498046875
2023-05-25,170.59835815429688,115.0,136.21632385253906,122.39470672607422,141.46392822265625,318.38653564453125,35.900001525878906,30.849288940429688,447.77557373046875,95.58016967773438
2023-05-26,173.00460815429688,120.11000061035156,135.79327392578125,123.5147705078125,141.40895080566406,325.1954345703125,37.88800048828125,30.661733627319336,451.3561706542969,94.95599365234375
2023-05-30,174.8487548828125,121.66000366210938,134.94720458984375,122.58302307128906,141.42724609375,323.55426025390625,39.29800033569336,30.18060302734375,449.79083251953125,94.1147232055664
2023-05-31,174.79946899414062,120.58000183105469,132.74392700195312,121.79006958007812,142.0594024658203,320.7994384765625,39.52299880981445,31.004234313964844,456.7178649902344,92.4321517944336
2023-06-01,177.60018920898438,122.7699966430664,134.10116577148438,122.63259887695312,141.58297729492188,324.89263916015625,40.3129997253418,31.004234313964844,462.7076416015625,93.49959564208984
2023-06-02,178.44830322265625,124.25,137.7145538330078,123.57423400878906,143.8092803955078,327.64739990234375,40.047000885009766,31.281490325927734,468.2848815917969,95.6706314086914
2023-06-05,177.0972442626953,125.30000305175781,137.05352783203125,124.90245819091797,145.0460662841797,328.1749267578125,40.354000091552734,31.517976760864258,466.98199462890625,95.24546813964844
2023-06-06,176.73236083984375,126.61000061035156,137.30032348632812,126.1910400390625,144.9178009033203,325.9671936035156,39.92900085449219,31.289644241333008,457.0272216796875,96.0234375
2023-06-07,175.36158752441406,121.2300033569336,140.86085510253906,121.4233169555664,145.22930908203125,315.9052429199219,39.97700119018555,31.71368980407715,451.9280090332031,98.1763916015625
2023-06-08,178.07351684570312,124.25,140.3408966064453,121.06648254394531,146.82342529296875,317.7418212890625,40.9370002746582,31.87677764892578,459.52056884765625,97.86880493164062
2023-06-09,178.45816040039062,123.43000030517578,140.00599670410156,121.15567016601562,146.59439086914062,319.2364501953125,42.00199890136719,31.778926849365234,462.6982727050781,97.14513397216797
2023-06-12,181.24900817871094,126.56999969482422,138.65756225585938,122.55329132080078,146.4935760498047,324.179443359375,42.39699935913086,32.537322998046875,461.7327575683594,96.2676773071289
2023-06-13,180.77566528320312,126.66000366210938,139.69749450683594,122.74162292480469,147.26318359375,326.5631103515625,43.573001861572266,32.847198486328125,460.532958984375,96.2857666015625
2023-06-14,181.40679931640625,126.41999816894531,138.44607543945312,122.58302307128906,148.01443481445312,329.54254150390625,44.08599853515625,32.09695816040039,431.05303955078125,95.12786865234375
2023-06-15,183.43832397460938,127.11000061035156,139.4948272705078,123.99053955078125,150.0024871826172,340.0539245605469,44.527000427246094,32.41499710083008,438.4980163574219,95.78824615478516
2023-06-16,182.36341857910156,125.48999786376953,138.59588623046875,122.44425964355469,150.4605712890625,334.417236328125,43.19599914550781,32.66779708862305,431.5330810546875,95.10073852539062
2023-06-20,182.4521484375,125.77999877929688,135.4407501220703,122.0180435180664,150.36895751953125,330.2361755371094,43.470001220703125,32.08064651489258,441.7922058105469,92.920654296875
2023-06-21,181.41668701171875,124.83000183105469,136.4983367919922,119.49046325683594,150.13992309570312,325.849853515625,42.44499969482422,31.72184944152832,448.719482421875,93.96094512939453
2023-06-22,184.41464233398438,130.14999389648438,134.52420043945312,122.06759643554688,151.73403930664062,331.8577880859375,42.24800109863281,31.58321762084961,450.8842468261719,93.44532012939453
2023-06-23,184.0990753173828,129.3300018310547,133.38731384277344,121.26472473144531,151.6057586669922,327.2760925292969,42.402000427246094,31.23257064819336,448.954833984375,92.63117980957031
2023-06-26,182.70858764648438,127.33000183105469,135.73158264160156,117.29985809326172,149.91085815429688,321.0046081542969,41.59400177001953,30.082748413085938,450.8937072753906,94.34087371826172
2023-06-27,185.4600067138672,129.17999267578125,135.30856323242188,117.28997802734375,149.59938049316406,326.8366394042969,41.70800018310547,29.699474334716797,454.1878662109375,94.5760726928711
2023-06-28,186.63352966308594,129.0399932861328,136.5335693359375,119.12369537353516,149.2970428466797,328.0870361328125,42.98400115966797,29.593463897705078,446.55474853515625,95.34497833251953
2023-06-29,186.96885681152344,127.9000015258789,137.69692993164062,118.0531997680664,150.34149169921875,327.30548095703125,42.82400131225586,29.454835891723633,448.427734375,96.52094268798828
2023-06-30,191.2882843017578,130.36000061035156,138.6752166748047,118.64791870117188,151.6424102783203,332.66864013671875,44.04899978637695,29.9114990234375,452.38079833984375,97.01850128173828
2023-07-03,189.79917907714844,130.22000122070312,138.55181884765625,118.8461685180664,149.6543426513672,330.17755126953125,44.14400100708008,29.887039184570312,449.7830810546875,97.20845031738281
2023-07-05,188.68478393554688,130.3800048828125,137.7586212158203,120.6799087524414,149.15963745117188,330.3338928222656,44.59000015258789,29.73209571838379,443.5146179199219,96.71092224121094
2023-07-06,189.1581268310547,128.36000061035156,134.73570251464844,119.05431365966797,148.0510711669922,333.3817443847656,43.88399887084961,29.055253982543945,441.763916015625,93.10155487060547
2023-07-07,188.04376220703125,129.77999877929688,135.91665649414062,118.42986297607422,145.89808654785156,329.4253845214844,43.810001373291016,28.97370719909668,434.44140625,93.31867218017578
2023-07-10,186.0023956298828,127.12999725341797,136.8244171142578,115.4264907836914,146.1363067626953,324.1598815917969,44.17100143432617,29.096025466918945,435.82489013671875,94.70271301269531
2023-07-11,185.4796905517578,128.77999877929688,139.35379028320312,116.11041259765625,145.33006286621094,324.78515625,44.020999908447266,29.37328338623047,435.6744384765625,95.86061096191406
2023-07-12,187.14633178710938,130.8000030517578,140.69338989257812,117.88468170166016,144.8262176513672,329.40582275390625,44.404998779296875,29.348825454711914,425.1423645019531,96.33099365234375
2023-07-13,187.90567016601562,134.3000030517578,138.8162078857422,123.44538116455078,145.4949951171875,334.7395935058594,45.03799819946289,29.405908584594727,421.4245300292969,94.56700897216797
2023-07-14,188.0536346435547,134.67999267578125,135.35264587402344,124.31764221191406,146.4661102294922,337.25994873046875,44.191001892089844,29.617931365966797,451.9384460449219,91.3104476928711
2023-07-17,191.3080291748047,133.55999755859375,135.22923278808594,123.55441284179688,145.7332000732422,337.7386779785156,45.005001068115234,29.242815017700195,455.6184997558594,91.70848083496094
2023-07-18,191.0515899658203,132.8300018310547,135.50244140625,122.67224884033203,145.72402954101562,351.1805419921875,47.47999954223633,29.552698135375977,470.6025085449219,91.29236602783203
2023-07-19,192.40267944335938,135.36000061035156,136.3308868408203,120.95744323730469,145.43087768554688,346.87255859375,47.75899887084961,29.71578598022461,474.0849304199219,91.92559051513672
2023-07-20,190.45989990234375,129.9600067138672,137.8379364013672,118.1523208618164,154.26260375976562,338.852294921875,43.742000579833984,29.984891891479492,474.59320068359375,93.54483032226562
2023-07-21,189.28636169433594,130.0,139.85614013671875,118.9651107788086,155.92086791992188,335.82391357421875,42.75,30.49863624572754,476.74853515625,93.9790267944336
2023-07-24,190.08514404296875,128.8000030517578,142.6146697998047,120.46183776855469,156.73623657226562,337.1330261230469,42.83700180053711,30.588336944580078,478.7721252441406,95.45352935791016
2023-07-25,190.943115234375,129.1300048828125,143.26687622070312,121.13587188720703,157.93643188476562,342.8673095703125,42.77000045776367,30.22138214111328,480.8898620605469,95.59825897216797
2023-07-26,191.8109588623047,128.14999389648438,142.19161987304688,128.1337890625,158.23875427246094,329.962646484375,42.266998291015625,30.343698501586914,478.13214111328125,95.06454467773438
2023-07-27,190.54867553710938,128.25,140.71104431152344,128.2626495361328,159.12741088867188,323.0755615234375,41.31700134277344,29.848966598510742,475.5250244140625,95.3630599975586
2023-07-28,193.12255859375,132.2100067138672,140.01478576660156,131.41473388671875,159.85118103027344,330.54876708984375,42.577999114990234,29.741769790649414,473.34136962890625,94.2232666015625
2023-07-31,193.7340087890625,133.67999267578125,144.23629760742188,131.5535125732422,153.48388671875,328.1553955078125,43.89699935913086,29.7335262298584,476.59796142578125,97.00943756103516
2023-08-01,192.90562438964844,131.69000244140625,143.03770446777344,130.3937530517578,154.72988891601562,328.565673828125,43.86199951171875,29.362478256225586,475.0638122558594,96.4485855102539
2023-08-02,189.9175262451172,128.2100067138672,140.77273559570312,127.25162506103516,155.66436767578125,319.9300842285156,42.970001220703125,29.148090362548828,475.1202392578125,95.24546813964844
2023-08-03,188.52699279785156,128.91000366210938,140.71983337402344,127.32099914550781,156.33314514160156,319.10943603515625,43.099998474121094,28.859498977661133,475.17669677734375,96.9009017944336
2023-08-04,179.47393798828125,139.57000732421875,140.402587890625,126.98401641845703,154.86724853515625,320.20355224609375,43.15999984741211,28.875986099243164,473.1719665527344,97.17227935791016
2023-08-07,176.3773193359375,142.22000122070312,140.9137420654297,130.37396240234375,158.58688354492188,322.47967529296875,44.07600021362305,29.420190811157227,480.7110290527344,96.97325134277344
2023-08-08,177.31422424316406,139.94000244140625,140.70220947265625,130.24508666992188,158.66017150878906,318.5135192871094,43.83000183105469,29.38721466064453,476.1179504394531,97.45271301269531
2023-08-09,175.7264404296875,137.85000610351562,140.88729858398438,128.52037048339844,158.55941772460938,314.7818603515625,42.88999938964844,29.552125930786133,472.5884094238281,99.1081314086914
2023-08-10,175.50949096679688,138.55999755859375,141.74217224121094,128.5501251220703,157.73487854003906,315.4656677246094,42.99800109863281,29.453182220458984,473.8778991699219,99.61469268798828
2023-08-11,175.5687713623047,138.41000366210938,144.66812133789062,128.42127990722656,159.27401733398438,313.59002685546875,42.16600036621094,29.717037200927734,478.1415710449219,101.16155242919922
2023-08-14,177.21788024902344,140.57000732421875,144.56239318847656,130.1757049560547,158.89837646484375,316.5500183105469,42.77799987792969,29.741769790649414,480.8898620605469,101.24297332763672
2023-08-15,175.23300170898438,137.6699981689453,140.3408966064453,128.63931274414062,158.4403076171875,314.4203796386719,42.369998931884766,29.181074142456055,476.89910888671875,98.64373016357422
2023-08-16,174.3639678955078,135.07000732421875,139.8032989501953,127.56883239746094,157.93643188476562,313.65679931640625,41.54499816894531,29.255281448364258,473.95318603515625,96.9838638305664
2023-08-17,171.8260955810547,133.97999572753906,142.1433868408203,128.77809143066406,159.4206085205078,310.21087646484375,40.29999923706055,30.104578018188477,464.91766357421875,98.86260986328125
2023-08-18,172.30999755859375,133.22000122070312,143.16665649414062,126.33971405029297,158.0280303955078,309.8193359375,40.452999114990234,30.228260040283203,469.1341857910156,100.35831451416016
2023-08-21,173.64309692382812,134.67999267578125,142.6862030029297,127.24172973632812,153.31898498535156,315.1056823730469,40.82899856567383,30.51685333251953,468.41888427734375,99.14533996582031
2023-08-22,175.01576232910156,134.25,141.5116729736328,127.94548034667969,152.10049438476562,315.6734924316406,41.31700134277344,30.376684188842773,463.3929138183594,98.58900451660156
2023-08-23,178.85714721679688,135.52000427246094,141.69851684570312,131.20655822753906,150.7354278564453,320.1179504394531,42.755001068115234,30.228260040283203,460.6634216308594,97.72257995605469
2023-08-24,174.17637634277344,131.83999633789062,140.53292846679688,128.63931274414062,151.24844360351562,313.2358093261719,40.69300079345703,29.81598472595215,459.4021911621094,96.99297332763672
2023-08-25,176.37847900390625,133.25999450683594,141.5828399658203,128.73846435546875,153.4170684814453,316.1825256347656,41.60300064086914,29.99738311767578,460.36224365234375,98.72581481933594
2023-08-28,177.9387664794922,133.13999938964844,142.55271911621094,129.85848999023438,151.6083526611328,316.8873291015625,41.805999755859375,29.85721206665039,462.39520263671875,99.55575561523438
2023-08-29,181.8196258544922,134.91000366210938,142.3302764892578,133.38722229003906,151.62681579589844,321.4982604980469,42.999000549316406,29.807737350463867,463.8540954589844,100.1485595703125
2023-08-30,185.30557250976562,135.07000732421875,142.52601623535156,134.68572998046875,151.09158325195312,321.8702087402344,43.46699905395508,29.60159683227539,462.6305236816406,101.12440490722656
2023-08-31,185.52281188964844,138.00999450683594,143.34463500976562,134.97315979003906,149.19981384277344,320.8619384765625,43.36800003051758,29.172832489013672,448.5594482421875,101.40714263916016
2023-09-01,187.0929718017578,138.1199951171875,146.1919403076172,134.4676513671875,148.09243774414062,321.7430114746094,43.987998962402344,29.50265121459961,448.23944091796875,103.53213500976562
2023-09-05,187.32992553710938,137.27000427246094,148.1138916015625,134.57667541503906,148.27699279785156,326.5300598144531,44.86800003051758,29.172832489013672,452.5407409667969,103.541259765625
2023-09-06,180.62478637695312,135.36000061035156,148.26515197753906,133.2781982421875,145.8131103515625,325.8741455078125,44.57600021362305,28.34002685546875,448.8982849121094,104.43501281738281
2023-09-07,175.3415985107422,137.85000610351562,148.27403259277344,134.07113647460938,147.67718505859375,322.9666748046875,44.31399917602539,28.26581573486328,456.3056640625,103.9242935180664
2023-09-08,175.95387268066406,138.22999572753906,148.78123474121094,135.1813507080078,148.16629028320312,327.23492431640625,44.279998779296875,28.24108123779297,454.2646789550781,105.4382553100586
2023-09-11,177.11915588378906,143.10000610351562,145.7114715576172,135.71656799316406,150.10418701171875,330.8277282714844,44.5359992980957,27.985464096069336,452.9512939453125,104.11583709716797
2023-09-12,174.09738159179688,141.22999572753906,148.42530822753906,134.15045166015625,150.95315551757812,324.7875061035156,43.46900177001953,28.15862274169922,453.442626953125,107.15283203125
2023-09-13,172.03347778320312,144.85000610351562,147.88255310058594,135.50843811035156,151.33152770996094,328.9871826171875,41.2239990234375,28.10090446472168,453.385986328125,106.19523620605469
2023-09-14,173.5443878173828,144.72000122070312,148.7990264892578,136.8861846923828,151.10079956054688,331.5716857910156,40.04899978637695,28.15862274169922,456.9386291503906,108.09222412109375
2023-09-15,172.82347106933594,140.38999938964844,148.1494903564453,136.19235229492188,148.98757934570312,323.2701721191406,39.694000244140625,28.09265899658203,459.8677978515625,106.4323501586914
2023-09-18,175.7465057373047,139.97999572753906,148.79010009765625,136.9952392578125,149.92884826660156,322.1345520019531,39.439998626708984,27.738100051879883,459.2630615234375,107.2896499633789
2023-09-19,176.832763671875,137.6300048828125,148.7722930908203,136.8267364501953,149.67967224121094,321.733154296875,39.619998931884766,28.02669334411621,454.1607666015625,107.00691986083984
2023-09-20,173.29750061035156,135.2899932861328,148.3185272216797,132.5645294189453,150.33486938476562,314.0190124511719,38.630001068115234,27.72160530090332,464.99835205078125,106.15875244140625
2023-09-21,171.75697326660156,129.3300018310547,146.9838409423828,129.29354858398438,149.18136596679688,312.8050537109375,38.415000915527344,27.086694717407227,473.5116882324219,104.66304016113281
2023-09-22,172.6062469482422,129.1199951171875,147.9536895751953,129.1051788330078,148.11090087890625,310.3381652832031,37.98099899291992,26.95476722717285,478.1982727050781,104.82721710205078
2023-09-25,173.880126953125,131.27000427246094,150.11590576171875,129.9576416015625,147.88943481445312,310.85699462890625,38.47999954223633,27.193893432617188,482.1477355957031,106.00370025634766
2023-09-26,169.8115997314453,125.9800033569336,149.30618286132812,127.43997955322266,146.74514770507812,305.5706787109375,37.92499923706055,26.715648651123047,477.58404541015625,106.1678695678711
2023-09-27,168.30068969726562,125.9800033569336,152.18910217285156,129.3926239013672,144.98260498046875,306.2069396972656,37.75899887084961,26.468280792236328,475.95892333984375,109.62439727783203
2023-09-28,168.5574493408203,125.9800033569336,151.78871154785156,131.14707946777344,144.7703399658203,307.03912353515625,37.63600158691406,26.460037231445312,481.9776306152344,108.9586410522461
2023-09-29,169.0709686279297,127.12000274658203,150.03582763671875,129.70980834960938,143.72756958007812,309.1047058105469,37.7599983215332,27.35055923461914,476.3935546875,107.23492431640625
2023-10-02,171.57919311523438,129.4600067138672,148.18505859375,132.99075317382812,143.1738739013672,315.02734375,38.03300094604492,27.985464096069336,486.2012634277344,105.45649719238281
2023-10-03,170.24606323242188,124.72000122070312,148.5320587158203,131.2660369873047,143.34921264648438,306.7943420410156,37.67499923706055,27.952484130859375,481.3824157714844,105.6388931274414
2023-10-04,171.4903564453125,127.0,145.07078552246094,134.0513153076172,143.5153045654297,312.2470703125,37.689998626708984,27.46599769592285,482.468994140625,101.68986511230469
2023-10-05,172.7247314453125,125.95999908447266,145.83599853515625,133.8828582763672,145.01026916503906,312.6387023925781,37.25899887084961,27.59792709350586,487.7697448730469,99.40069580078125
2023-10-06,175.27247619628906,127.95999908447266,144.35009765625,136.37075805664062,145.47164916992188,320.3724365234375,38.1510009765625,27.317577362060547,495.8766784667969,97.74082946777344
2023-10-09,176.75375366210938,128.25999450683594,148.34521484375,137.20338439941406,146.30218505859375,322.8785705566406,38.595001220703125,27.375295639038086,497.4830322265625,101.16090393066406
2023-10-10,176.1612548828125,129.47999572753906,148.18505859375,136.84652709960938,146.1361083984375,321.4786376953125,37.332000732421875,27.35055923461914,495.3381652832031,100.73223876953125
2023-10-11,177.5536346435547,131.8300018310547,143.34463500976562,139.3146514892578,144.1243896484375,325.4238586425781,36.59299850463867,27.301084518432617,495.2342224121094,97.12066650390625
2023-10-12,178.45230102539062,132.3300018310547,143.4602813720703,137.74855041503906,144.26280212402344,324.19036865234375,36.119998931884766,27.144418716430664,496.56634521484375,97.10242462158203
2023-10-13,176.61550903320312,129.7899932861328,145.97836303710938,136.1527099609375,144.74264526367188,320.83258056640625,35.56800079345703,26.476526260375977,509.6624450683594,100.20327758789062
2023-10-16,176.48712158203125,132.5500030517578,147.17068481445312,137.87742614746094,145.3701629638672,325.6392517089844,36.082000732421875,27.433012008666992,508.3678283691406,100.27623748779297
2023-10-17,174.93675231933594,131.47000122070312,149.1193389892578,138.49197387695312,144.04132080078125,325.0714111328125,35.571998596191406,27.004243850708008,507.06396484375,101.58954620361328
2023-10-18,173.64309692382812,128.1300048828125,150.30274963378906,136.7474365234375,140.94065856933594,323.1624450683594,34.61899948120117,25.899335861206055,506.50640869140625,103.01228332519531
2023-10-19,173.2678680419922,128.39999389648438,150.46292114257812,136.539306640625,140.5623321533203,324.34698486328125,40.176998138427734,25.717933654785156,502.3208312988281,103.07612609863281
2023-10-20,170.7200927734375,125.16999816894531,148.443115234375,134.40818786621094,141.18983459472656,319.79486083984375,40.09600067138672,25.272674560546875,497.974365234375,101.30680847167969
2023-10-23,170.83859252929688,126.55999755859375,142.97091674804688,135.30027770996094,139.70411682128906,322.3891296386719,40.683998107910156,25.429340362548828,492.81536865234375,99.82022094726562
2023-10-24,171.2731170654297,128.55999755859375,139.38507080078125,137.5899658203125,139.5564422607422,323.5736083984375,41.37300109863281,25.091272354125977,496.05621337890625,98.85350036621094
2023-10-25,168.96234130859375,121.38999938964844,138.6910400390625,124.50597381591797,139.87022399902344,333.5002136230469,41.125,25.338638305664062,500.97906494140625,99.035888671875
2023-10-26,164.804931640625,119.56999969482422,137.69447326660156,121.20525360107422,137.49862670898438,320.9891662597656,40.354000091552734,25.69319725036621,499.23095703125,98.13299560546875
2023-10-27,166.11830139160156,127.73999786376953,128.44070434570312,121.0962142944336,134.36105346679688,322.8687744140625,39.7869987487793,24.82741355895996,495.7349548339844,96.26337432861328
2023-10-30,168.1624298095703,132.7100067138672,129.9889373779297,123.36608123779297,135.68064880371094,330.2109069824219,41.007999420166016,25.190217971801758,500.7710876464844,96.56431579589844
2023-10-31,168.636474609375,133.08999633789062,129.66860961914062,122.98943328857422,136.88954162597656,330.99407958984375,41.16899871826172,25.198461532592773,506.0341491699219,96.5369644165039
2023-11-01,171.7964630126953,137.0,128.11146545410156,125.33859252929688,137.21250915527344,338.7865905761719,42.01900100708008,25.157236099243164,502.2923583984375,96.34544372558594
2023-11-02,175.3515167236328,138.07000732421875,132.36465454101562,126.36945343017578,138.64291381835938,340.9891662597656,42.47100067138672,25.148990631103516,506.57257080078125,99.51016235351562
2023-11-03,174.4429931640625,138.60000610351562,131.34141540527344,127.9653091430664,139.65797424316406,345.3748779296875,43.236000061035156,25.775653839111328,501.6309814453125,98.29717254638672
2023-11-06,176.99073791503906,139.74000549316406,130.79861450195312,129.1051788330078,139.99020385742188,349.0263977050781,43.4739990234375,25.70969009399414,504.0497741699219,96.55520629882812
2023-11-07,179.54843139648438,142.7100067138672,128.49407958984375,129.81886291503906,139.25193786621094,352.9422302246094,43.46099853515625,25.76740837097168,508.1789855957031,95.041259765625
2023-11-08,180.6050262451172,142.0800018310547,126.70558166503906,130.6812286376953,138.74440002441406,355.5560607910156,43.665000915527344,25.41284942626953,507.1395263671875,93.8738784790039
2023-11-09,180.1310272216797,140.60000610351562,126.29631042480469,129.09530639648438,136.04054260253906,353.0988464355469,43.51499938964844,24.802806854248047,509.284423828125,93.90123748779297
2023-11-10,184.3136749267578,143.55999755859375,127.19499969482422,131.4246063232422,135.88368225097656,361.889892578125,44.7239990234375,24.635671615600586,511.3726501464844,94.62173461914062
2023-11-13,182.7315673828125,142.58999633789062,128.12930297851562,130.92901611328125,136.23434448242188,358.9627990722656,44.46200180053711,24.21783447265625,512.6576538085938,95.61582946777344
2023-11-14,185.34202575683594,145.8000030517578,129.0635528564453,132.445556640625,136.2620391845703,362.47723388671875,44.8650016784668,24.451826095581055,510.6639099121094,95.98397827148438
2023-11-15,185.90565490722656,143.1999969482422,129.51734924316406,133.43679809570312,137.3140411376953,362.6244201660156,46.194000244140625,25.229000091552734,508.7269592285156,95.4041519165039
2023-11-16,187.5866241455078,142.8300018310547,127.46736145019531,135.72645568847656,138.51370239257812,369.00048828125,46.69499969482422,24.87801742553711,510.0590515136719,94.29972076416016
2023-11-17,187.56687927246094,145.17999267578125,129.885986328125,134.12071228027344,138.22760009765625,362.8009338378906,46.590999603271484,25.003366470336914,506.72381591796875,96.60061645507812
2023-11-20,189.30715942382812,146.1300048828125,129.81405639648438,135.05245971679688,139.4461669921875,370.24627685546875,47.446998596191406,25.05350685119629,505.5994873046875,96.17725372314453
2023-11-21,188.5062255859375,143.89999389648438,129.5083465576172,135.76612854003906,140.57171630859375,365.9596252441406,47.494998931884766,25.3209228515625,509.8418884277344,96.14043426513672
2023-11-22,189.16871643066406,146.7100067138672,129.76907348632812,137.2727813720703,140.2926788330078,370.6484375,47.79999923706055,25.337636947631836,513.781982421875,95.72626495361328
2023-11-24,187.84373474121094,146.74000549316406,130.28158569335938,135.4885711669922,141.85540771484375,370.2364501953125,47.95600128173828,25.488059997558594,516.937744140625,96.24168395996094
2023-11-27,187.6657257080078,147.72999572753906,129.79605102539062,135.21102905273438,140.7205352783203,371.3940124511719,47.91699981689453,25.187211990356445,513.6214599609375,95.68025970458984
2023-11-28,188.26889038085938,147.02999877929688,130.8300323486328,135.99412536621094,141.04611206054688,375.4061279296875,47.900001525878906,24.8111629486084,510.73004150390625,95.62504577636719
2023-11-29,187.2504425048828,146.32000732421875,129.39144897460938,133.80355834960938,141.4926300048828,371.6294250488281,47.71900177001953,25.137075424194336,505.4860534667969,94.18927764892578
2023-11-30,187.8239288330078,146.08999633789062,129.1127471923828,131.3651580810547,143.8646240234375,371.68829345703125,47.39699935913086,25.462987899780273,522.4842529296875,94.55741882324219
2023-12-01,189.09950256347656,147.02999877929688,130.20066833496094,130.70103454589844,147.32496643066406,367.37213134765625,46.57400131225586,24.159337997436523,518.7582397460938,94.78752136230469
2023-12-04,187.30975341796875,144.83999633789062,130.25460815429688,128.1337890625,147.79006958007812,362.1044921875,45.38999938964844,24.468536376953125,519.8201293945312,94.27210235595703
2023-12-05,191.25509643554688,146.8800048828125,128.4473876953125,129.8386993408203,147.48309326171875,365.4200439453125,45.51499938964844,24.30976104736328,521.6973876953125,92.44060516357422
2023-12-06,190.1674346923828,144.52000427246094,128.1506805419922,128.87721252441406,145.68780517578125,361.7709655761719,44.67300033569336,24.059059143066406,521.0052490234375,91.21654510498047
2023-12-07,192.09559631347656,146.8800048828125,128.05177307128906,135.72645568847656,144.55296325683594,363.8800048828125,45.20000076293945,23.92534828186035,519.8107299804688,90.58149719238281
2023-12-08,193.51950073242188,147.4199981689453,129.75111389160156,133.80355834960938,143.64138793945312,367.09747314453125,45.375999450683594,24.050701141357422,521.2327880859375,91.62147521972656
2023-12-11,191.01780700683594,145.88999938964844,129.78707885742188,132.11846923828125,144.23670959472656,364.2232971191406,45.98899841308594,23.933704376220703,515.4588623046875,91.68592071533203
2023-12-12,192.53065490722656,147.47999572753906,128.1237030029297,131.35525512695312,144.2460479736328,367.2445983886719,46.29999923706055,23.88356590270996,517.3930053710938,90.24095916748047
2023-12-13,195.74429321289062,148.83999633789062,130.02084350585938,131.40480041503906,144.91574096679688,367.2348327636719,47.99800109863281,22.279067993164062,520.5122680664062,91.04166412353516
2023-12-14,195.89259338378906,147.4199981689453,134.80410766601562,130.7803192138672,145.9203643798828,358.95562744140625,46.983001708984375,21.836164474487305,506.5088195800781,93.48981475830078
2023-12-15,195.358642578125,149.97000122070312,134.28265380859375,131.43455505371094,144.3297576904297,363.6642150878906,47.20600128173828,22.253999710083008,503.55072021484375,92.86396789550781
2023-12-18,193.69747924804688,154.07000732421875,134.57936096191406,134.60641479492188,144.59017944335938,365.54754638671875,48.61199951171875,22.613340377807617,499.218017578125,93.55422973632812
2023-12-19,194.73570251464844,153.7899932861328,136.3416290283203,135.4489288330078,145.53900146484375,366.1459655761719,49.50199890136719,23.53257942199707,496.83837890625,94.78752136230469
2023-12-20,192.64932250976562,152.1199951171875,135.0918426513672,137.1240692138672,142.57167053222656,363.55621337890625,48.926998138427734,23.08967399597168,489.1493225097656,93.20450592041016
2023-12-21,192.50100708007812,153.83999633789062,135.5054473876953,139.185791015625,144.0320587158203,366.420654296875,49.1609992980957,23.657928466796875,492.89422607421875,93.62786865234375
2023-12-22,191.43310546875,153.4199981689453,135.81114196777344,140.2464141845703,144.60882568359375,367.4407653808594,48.67599868774414,23.733144760131836,493.30194091796875,93.79352569580078
2023-12-26,190.8892364501953,153.41000366210938,137.03392028808594,140.276123046875,145.2413330078125,367.5192565917969,49.11899948120117,23.741497039794922,493.03656005859375,94.00520324707031
2023-12-27,190.9881134033203,153.33999633789062,136.58438110351562,139.13626098632812,145.43667602539062,366.9405517578125,49.17900085449219,23.90863037109375,495.6532287597656,93.56344604492188
2023-12-28,191.41331481933594,153.3800048828125,134.6602325439453,138.99746704101562,145.65061950683594,368.12744140625,49.05099868774414,24.059059143066406,497.6537170410156,92.21051025390625
2023-12-29,190.37506103515625,151.94000244140625,134.11180114746094,138.4622344970703,145.79945373535156,368.8729553222656,48.6879997253418,24.059059143066406,499.1421813964844,92.01724243164062
2024-01-02,183.5621795654297,149.92999267578125,134.39950561523438,136.95556640625,148.803955078125,363.80145263671875,46.849998474121094,24.844589233398438,511.3441467285156,94.20768737792969
2024-01-03,182.187744140625,148.47000122070312,136.9619903564453,137.69900512695312,149.7342071533203,363.53668212890625,47.0260009765625,24.844589233398438,513.8945922851562,94.99919128417969
2024-01-04,179.87393188476562,144.57000732421875,135.4604949951172,135.1912384033203,149.4179229736328,360.9273986816406,47.46699905395508,24.30976104736328,517.1084594726562,94.1708755493164
2024-01-05,179.15211486816406,145.24000549316406,135.22671508789062,134.5370330810547,149.8830108642578,360.7409973144531,47.40599822998047,24.6273136138916,509.4858703613281,94.4561767578125
2024-01-08,183.4830780029297,149.10000610351562,134.41749572753906,137.61968994140625,150.2550811767578,367.5486755371094,48.50299835205078,24.71923828125,508.6705627441406,92.88238525390625
2024-01-09,183.06781005859375,151.3699951171875,131.00088500976562,139.71115112304688,150.34814453125,368.62774658203125,48.20899963378906,24.568819046020508,510.4244384765625,91.73192596435547
2024-01-10,184.10604858398438,153.72999572753906,129.92193603515625,141.0294647216797,150.57135009765625,375.47467041015625,47.83300018310547,24.2261905670166,509.732421875,90.82998657226562
2024-01-11,183.5127410888672,155.17999267578125,130.62326049804688,140.8312225341797,149.90164184570312,377.29925537109375,49.222999572753906,23.733144760131836,511.6665954589844,90.81157684326172
2024-01-12,183.83905029296875,154.6199951171875,132.41249084472656,141.3961944580078,151.05508422851562,381.0660705566406,49.215999603271484,23.983844757080078,494.4396667480469,91.98963165283203
2024-01-16,181.57467651367188,153.16000366210938,129.1936492919922,141.2376251220703,149.3155975341797,382.83172607421875,48.124000549316406,23.66628646850586,492.2022705078125,89.90961456298828
2024-01-17,180.6352996826172,151.7100067138672,128.68115234375,140.22659301757812,149.2318572998047,382.0469970703125,48.03300094604492,23.52422332763672,497.6916809082031,89.25617980957031
2024-01-18,186.5187225341797,153.5,127.51229858398438,142.21890258789062,149.9574432373047,386.3631591796875,48.53099822998047,23.474082946777344,489.5380859375,89.09050750732422
2024-01-19,189.4159393310547,155.33999633789062,127.88995361328125,145.0934295654297,150.39462280273438,391.07171630859375,48.29499816894531,23.632862091064453,477.4214172363281,89.22855377197266
2024-01-22,191.7198486328125,154.77999877929688,128.11471557617188,144.7068634033203,151.12948608398438,388.952880859375,48.57099914550781,23.657928466796875,486.3619384765625,89.10893249511719
2024-01-23,192.9954071044922,156.02000427246094,127.75507354736328,145.7476043701172,148.65516662597656,391.2972717285156,49.21900177001953,23.75821304321289,488.7606201171875,90.11209869384766
2024-01-24,192.322998046875,156.8699951171875,130.29957580566406,147.39303588867188,147.864501953125,394.8875427246094,54.48699951171875,23.674646377563477,486.58941650390625,91.6675033569336
2024-01-25,191.99671936035156,157.75,133.58131408691406,150.53517150878906,148.422607421875,397.15350341796875,56.20000076293945,23.301416397094727,467.788818359375,93.99600219726562
2024-01-26,190.26629638671875,159.1199951171875,134.0938262939453,150.8523712158203,148.3667755126953,396.23138427734375,57.04199981689453,23.301416397094727,477.0801086425781,94.79670715332031
2024-01-29,189.58401489257812,161.25999450683594,134.0398712158203,152.16073608398438,148.236572265625,401.9110107421875,57.57899856567383,23.309898376464844,478.3506164550781,94.9163589477539
2024-01-30,185.93531799316406,159.0,134.97496032714844,150.1287841796875,147.68775939941406,400.8025817871094,56.28499984741211,22.919706344604492,477.46881103515625,96.49938201904297
2024-01-31,182.3360595703125,155.1999969482422,132.5563201904297,138.86863708496094,147.8086700439453,390.00238037109375,56.4109992980957,22.970600128173828,485.1767883300781,94.6218490600586
2024-02-01,184.76852416992188,159.27999877929688,132.9699249267578,139.9193115234375,147.306396484375,396.0842590332031,56.750999450683594,23.148731231689453,480.8155822753906,94.23529052734375
2024-02-02,183.7698516845703,171.80999755859375,136.88108825683594,141.12860107421875,145.67852783203125,403.3824768066406,56.4640007019043,22.843360900878906,483.7452087402344,93.8487548828125
2024-02-05,185.579345703125,170.30999755859375,136.9619903564453,142.41714477539062,144.925048828125,397.91864013671875,56.20600128173828,22.537994384765625,476.8525390625,93.46220397949219
2024-02-06,187.18121337890625,169.14999389648438,136.97998046875,142.83346557617188,147.0272979736328,397.7616271972656,55.5880012512207,23.32686424255371,484.162353515625,94.10645294189453
2024-02-07,187.2899932861328,170.52999877929688,136.78216552734375,144.26080322265625,146.95291137695312,406.1584777832031,55.93000030517578,23.37775993347168,492.4296569824219,94.0788345336914
2024-02-08,186.21218872070312,169.83999633789062,138.51747131347656,144.62753295898438,145.483154296875,406.2174072265625,55.85300064086914,23.386241912841797,493.09344482421875,95.68946075439453
2024-02-09,186.9745330810547,174.4499969482422,135.80213928222656,147.6903839111328,145.8180389404297,412.53460693359375,56.13199996948242,23.37775993347168,491.3204650878906,93.6646728515625
2024-02-12,185.29139709472656,172.33999633789062,136.73719787597656,146.23333740234375,146.83193969726562,407.3454895019531,55.78499984741211,23.462583541870117,490.7705993652344,94.95317840576172
2024-02-13,183.20236206054688,168.63999938964844,135.40652465820312,143.86431884765625,145.5482940673828,398.57586669921875,55.45199966430664,22.877290725708008,490.021484375,94.13572692871094
2024-02-14,182.32122802734375,170.97999572753906,135.775146484375,144.6573028564453,144.8692626953125,402.42822265625,57.93299865722656,22.996044158935547,490.1069030761719,93.67127990722656
2024-02-15,182.0341033935547,169.8000030517578,140.3925018310547,141.51515197753906,146.89707946777344,399.54876708984375,59.34600067138672,23.335344314575195,493.8423767089844,96.3558349609375
2024-02-16,180.49948120117188,169.50999450683594,140.5470428466797,139.28492736816406,146.7283477783203,397.0919494628906,58.39500045776367,23.428653717041016,494.4776306152344,96.3558349609375
2024-02-20,179.75692749023438,167.0800018310547,139.97439575195312,139.879638671875,147.95619201660156,395.8437805175781,57.51300048828125,23.403207778930664,494.0129699707031,95.44549560546875
2024-02-21,180.50941467285156,168.58999633789062,141.2832489013672,141.29708862304688,148.72474670410156,395.2442932128906,57.334999084472656,23.471067428588867,494.8757019042969,97.3962173461914
2024-02-22,182.5390167236328,174.5800018310547,141.27415466308594,142.82354736328125,150.3836669921875,404.551025390625,58.84700012207031,23.369274139404297,499.17071533203125,97.3125991821289
2024-02-23,180.7073974609375,174.99000549316406,140.5742950439453,142.69468688964844,151.6864776611328,403.2635803222656,58.35599899291992,23.547409057617188,499.87225341796875,96.4580078125
2024-02-26,179.36090087890625,174.72999572753906,140.38340759277344,136.36087036132812,150.70233154296875,400.5119323730469,58.76499938964844,23.055421829223633,498.0519714355469,96.8388671875
2024-02-27,180.8163299560547,173.5399932861328,138.302001953125,137.6593475341797,150.8804473876953,400.452880859375,60.16699981689453,22.809431076049805,486.7695007324219,96.63449096679688
2024-02-28,179.6183319091797,173.16000366210938,138.46556091308594,135.1813507080078,151.4146728515625,400.6887512207031,59.64799880981445,22.93666648864746,472.4154968261719,96.90388488769531
2024-02-29,178.95498657226562,176.75999450683594,138.16563415527344,137.2430419921875,151.25534057617188,406.5067138671875,60.29199981689453,22.529508590698242,467.97845458984375,97.08966827392578
2024-03-01,177.87579345703125,178.22000122070312,138.89276123046875,135.93463134765625,151.9489288330078,408.3346252441406,61.933998107910156,22.55495834350586,464.1196594238281,98.31582641601562
2024-03-04,173.36109924316406,177.5800018310547,135.32070922851562,132.17794799804688,149.8119659423828,407.76458740234375,61.58300018310547,21.961181640625,456.8572692871094,96.94104766845703
2024-03-05,168.43052673339844,174.1199951171875,135.96603393554688,131.50393676757812,149.9337921142578,395.7062072753906,59.849998474121094,22.12234878540039,448.5898742675781,98.13004302978516
2024-03-06,167.4404754638672,173.50999450683594,134.82081604003906,130.24508666992188,149.3433380126953,395.1558532714844,59.76900100708008,23.063907623291016,448.0685119628906,99.1797103881836
2024-03-07,167.3216552734375,176.82000732421875,135.76608276367188,133.19891357421875,148.90280151367188,402.08428955078125,60.85100173950195,22.724609375,453.9277038574219,99.737060546875
2024-03-08,169.0345001220703,175.35000610351562,136.22962951660156,134.21981811523438,149.51205444335938,399.2146301269531,60.481998443603516,23.089351654052734,453.6135559082031,100.67526245117188
2024-03-11,171.03443908691406,171.9600067138672,138.15655517578125,136.45999145507812,151.11474609375,397.5439453125,60.09299850463867,24.06484031677246,465.587646484375,101.26976013183594
2024-03-12,171.50967407226562,175.38999938964844,138.05654907226562,137.28268432617188,152.52999877929688,408.11834716796875,61.108001708984375,23.759469985961914,465.7779846191406,100.6195297241211
2024-03-13,169.43052673339844,176.55999755859375,139.87442016601562,138.5613250732422,150.992919921875,407.9415588378906,60.94499969482422,23.937602996826172,464.49298095703125,101.74349212646484
2024-03-14,171.2819366455078,178.75,141.51956176757812,141.84228515625,149.2215118408203,417.886962890625,61.30099868774414,23.861257553100586,465.4447937011719,103.54559326171875
2024-03-15,170.90570068359375,174.4199981689453,141.3832550048828,139.9391326904297,148.25608825683594,409.23876953125,60.5880012512207,23.700092315673828,467.17718505859375,103.35980224609375
2024-03-18,171.9947967529297,174.47999572753906,141.2559814453125,146.38198852539062,146.92520141601562,410.1231994628906,61.8390007019043,23.51348114013672,463.5887145996094,104.31658935546875
2024-03-19,174.33135986328125,175.89999389648438,142.35577392578125,145.73770141601562,146.40969848632812,414.1427001953125,62.07400131225586,23.437135696411133,469.5567626953125,105.05040740966797
2024-03-20,176.8956298828125,178.14999389648438,140.47430419921875,147.43270874023438,145.98793029785156,417.8968200683594,62.76900100708008,23.49651336669922,470.4229431152344,104.9575424194336
2024-03-21,169.6681365966797,178.14999389648438,140.75608825683594,146.30267333984375,145.9785614013672,421.96539306640625,62.270999908447266,23.462583541870117,468.0052490234375,105.42198944091797
2024-03-22,170.56910705566406,178.8699951171875,140.5742950439453,149.44483947753906,145.4911651611328,421.3462829589844,62.80099868774414,23.20810890197754,466.46331787109375,105.42198944091797
2024-03-25,169.15330505371094,179.7100067138672,142.21942138671875,148.75100708007812,145.4818115234375,415.5676574707031,62.74599838256836,23.267486572265625,462.47509765625,106.49952697753906
2024-03-26,168.02462768554688,178.3000030517578,141.12875366210938,149.34573364257812,145.99729919433594,414.3785400390625,62.92399978637695,23.403207778930664,468.5953674316406,105.7006607055664
2024-03-27,171.5888671875,179.8300018310547,142.11038208007812,149.54397583007812,148.0499267578125,414.1623229980469,61.35300064086914,23.564373016357422,469.3473205566406,106.7967758178711
2024-03-28,169.77703857421875,180.3800048828125,143.373779296875,149.60342407226562,148.26547241210938,413.4645690917969,60.733001708984375,23.53892707824707,470.8702697753906,107.97649383544922
2024-04-01,168.34144592285156,180.97000122070312,144.5917510986328,154.1233673095703,147.8811798095703,417.2481994628906,61.430999755859375,23.51348114013672,466.11114501953125,108.67317199707031
2024-04-02,167.1632537841797,180.69000244140625,145.22799682617188,153.20152282714844,147.83433532714844,414.17218017578125,61.42100143432617,23.369274139404297,436.07135009765625,110.80037689208984
2024-04-03,167.96519470214844,182.41000366210938,145.827880859375,153.55836486816406,144.58201599121094,413.19927978515625,63.007999420166016,23.089351654052734,437.5942687988281,110.81895446777344
2024-04-04,167.14344787597656,180.0,146.0550994873047,149.20693969726562,142.93247985839844,410.6735534667969,61.7140007019043,22.605854034423828,433.4443054199219,111.20909881591797
2024-04-05,167.8959197998047,185.07000732421875,146.88223266601562,151.15963745117188,142.82937622070312,418.1817321777344,63.61800003051758,22.61433219909668,433.7869873046875,112.74181365966797
2024-04-08,166.77713012695312,185.19000244140625,146.58230590820312,153.48899841308594,142.07952880859375,417.2678527832031,62.840999603271484,22.546472549438477,434.034423828125,111.98009490966797
2024-04-09,167.9850311279297,185.6699981689453,147.24581909179688,155.2235870361328,142.7356414794922,418.9287109375,61.81999969482422,22.716121673583984,437.5752258300781,112.56531524658203
2024-04-10,166.11378479003906,185.9499969482422,147.8547821044922,154.76763916015625,140.77676391601562,415.9608154296875,61.858001708984375,22.325929641723633,428.3710632324219,113.5127944946289
2024-04-11,173.30169677734375,189.0500030517578,147.1457977294922,158.00892639160156,139.45516967773438,420.55023193359375,62.87799835205078,22.342893600463867,420.4422912597656,113.13195037841797
2024-04-12,174.7967071533203,186.1300048828125,144.482666015625,156.34365844726562,138.26490783691406,414.6241760253906,62.28300094604492,21.935733795166016,418.043701171875,111.81289672851562
2024-04-15,170.9750213623047,183.6199951171875,143.23745727539062,153.49891662597656,138.3304901123047,406.5067138671875,60.71500015258789,21.978147506713867,424.1639404296875,111.17194366455078
2024-04-16,167.69789123535156,183.32000732421875,142.0467529296875,153.04295349121094,135.3874969482422,407.4305114746094,61.75199890136719,21.79153060913086,446.3034973144531,110.2523193359375
2024-04-17,166.3315887451172,181.27999877929688,142.15582275390625,154.10353088378906,135.6874237060547,404.73773193359375,61.36899948120117,21.56250762939453,455.9169616699219,110.19658660888672
2024-04-18,165.38111877441406,179.22000122070312,143.21925354003906,154.6387939453125,136.59657287597656,397.29827880859375,61.055999755859375,21.53705596923828,469.4234619140625,110.09440612792969
2024-04-19,163.3613739013672,174.6300048828125,145.4279327392578,152.7356414794922,138.63043212890625,392.2370300292969,55.50400161743164,22.05449104309082,476.99053955078125,111.35771179199219
2024-04-22,164.1930389404297,177.22999572753906,147.17308044433594,154.90640258789062,139.76449584960938,394.04534912109375,55.459999084472656,22.275033950805664,467.56744384765625,111.9893798828125
2024-04-23,165.2425079345703,179.5399932861328,148.0183868408203,156.86900329589844,140.17689514160156,400.5413818359375,57.775001525878906,22.325929641723633,462.7606201171875,112.42597198486328
2024-04-24,167.3414764404297,176.58999633789062,148.67279052734375,157.7313690185547,139.2115478515625,402.0056457519531,55.512001037597656,22.28351593017578,463.8266906738281,112.4445571899414
2024-04-25,168.20285034179688,173.6699981689453,150.22706604003906,154.6288604736328,137.60882568359375,392.15850830078125,56.47999954223633,21.426786422729492,470.0707092285156,112.70465087890625
2024-04-26,167.61866760253906,179.6199951171875,150.78150939941406,170.4386749267578,136.97146606445312,399.31292724609375,56.12300109863281,21.5455379486084,471.48895263671875,109.57422637939453
2024-04-29,171.7769775390625,180.9600067138672,151.18141174316406,164.6896514892578,137.60882568359375,395.3131103515625,55.94900131225586,21.74911880493164,465.473388671875,111.13478088378906
2024-04-30,168.63845825195312,175.0,146.58230590820312,161.3492889404297,135.5187225341797,382.615966796875,55.06399917602539,21.732158660888672,460.4001159667969,109.8621826171875
2024-05-01,167.61866760253906,179.0,145.09164428710938,162.41978454589844,141.69525146484375,388.129150390625,55.17100143432617,23.055421829223633,460.7903747558594,107.78141784667969
2024-05-02,171.3116455078125,184.72000122070312,146.09144592285156,165.155517578125,140.5143585205078,390.9791564941406,56.51499938964844,23.49651336669922,469.22357177734375,107.97649383544922
2024-05-03,181.55886840820312,186.2100067138672,145.6551971435547,165.7700958251953,139.90512084960938,399.6470947265625,57.933998107910156,23.589820861816406,468.7286682128906,107.75354766845703
2024-05-06,179.90545654296875,188.6999969482422,147.51846313476562,166.6225128173828,139.25839233398438,406.4084167480469,59.696998596191406,23.886707305908203,470.5656433105469,108.45023345947266
2024-05-07,180.58859252929688,188.75999450683594,147.8547821044922,169.7448272705078,139.3896026611328,402.28082275390625,60.599998474121094,23.555891036987305,476.82867431640625,107.91146850585938
2024-05-08,180.9252471923828,188.0,147.73658752441406,167.8912811279297,139.6051788330078,403.46014404296875,60.946998596191406,23.98001480102539,478.9703369140625,107.89289093017578
2024-05-09,182.73707580566406,189.5,150.38160705566406,168.46620178222656,140.44873046875,405.20941162109375,61.20899963378906,24.26416015625,482.6063232421875,110.02008819580078
2024-05-10,181.4779510498047,187.47999572753906,150.7178955078125,167.16766357421875,140.5049591064453,407.58770751953125,61.08700180053711,24.117782592773438,488.10791015625,109.57422637939453
2024-05-13,184.6802215576172,186.57000732421875,149.54537963867188,167.6533966064453,141.73277282714844,406.5853271484375,61.659000396728516,24.4880313873291,487.08941650390625,109.52777862548828
2024-05-14,185.82032775878906,187.07000732421875,148.70916748046875,168.8428192138672,141.88270568847656,409.3763427734375,61.36600112915039,24.436365127563477,489.12640380859375,110.19266510009766
2024-05-15,188.0906982421875,185.99000549316406,148.20018005371094,170.9937744140625,143.091796875,416.5338439941406,61.35200119018555,24.815229415893555,492.6195373535156,111.04483032226562
2024-05-16,188.2096405029297,183.6300048828125,147.89718627929688,172.6490936279297,144.6007843017578,414.47613525390625,61.051998138427734,24.90133285522461,496.160400390625,110.37995147705078
2024-05-17,188.23939514160156,184.6999969482422,149.34780883789062,174.51254272460938,144.93820190429688,413.7082824707031,62.11000061035156,24.66023826599121,499.3585205078125,112.03746795654297
2024-05-20,189.39932250976562,183.5399932861328,147.94309997558594,175.36500549316406,142.92567443847656,418.7588806152344,64.08200073242188,24.56552505493164,492.31500244140625,111.12909698486328
2024-05-21,190.69810485839844,183.14999389648438,146.86891174316406,176.28683471679688,142.8973388671875,422.4016418457031,65.06099700927734,24.591352462768555,498.3304748535156,110.36122131347656
2024-05-22,189.26052856445312,183.1300048828125,144.66546630859375,174.8297576904297,145.03268432617188,423.8587341308594,64.0469970703125,25.486841201782227,496.2364807128906,108.14181518554688
2024-05-23,185.27503967285156,181.0500030517578,144.0870819091797,172.0246124267578,141.44229125976562,420.3932189941406,63.56700134277344,24.703292846679688,491.93426513671875,106.29700469970703
2024-05-24,188.3484344482422,180.75,144.8307342529297,173.45196533203125,138.86289978027344,423.5043029785156,64.67500305175781,24.86688804626465,483.69140625,106.21271514892578
2024-05-28,188.3583526611328,182.14999389648438,146.0150909423828,174.8495635986328,136.41574096679688,423.6618347167969,64.9000015258789,24.367483139038086,479.4176940917969,107.56121826171875
2024-05-29,188.65577697753906,182.02000427246094,144.05035400390625,174.35394287109375,136.47244262695312,422.5296936035156,65.46199798583984,23.954187393188477,461.3710021972656,106.40937042236328
2024-05-30,189.64718627929688,179.32000732421875,145.29893493652344,170.5972900390625,137.26612854003906,408.2539978027344,64.76599884033203,24.281381607055664,458.4488830566406,106.74649810791016
2024-05-31,190.59896850585938,176.44000244140625,149.00807189941406,170.98385620117188,138.57943725585938,408.70684814453125,64.16200256347656,24.677461624145508,471.5079650878906,109.80870819091797
2024-06-03,192.36367797851562,178.33999633789062,144.56448364257812,171.64796447753906,139.59042358398438,407.1217346191406,63.37900161743164,25.237136840820312,473.4782409667969,107.1772689819336
2024-06-04,192.68092346191406,179.33999633789062,143.34339904785156,172.2624969482422,139.64710998535156,409.6322937011719,63.1619987487793,25.39212417602539,481.1405029296875,105.51036834716797
2024-06-05,194.18785095214844,181.27999877929688,142.28758239746094,173.8682861328125,137.9180450439453,417.4494934082031,65.0270004272461,25.44378662109375,478.8846435546875,105.9317855834961
2024-06-06,192.80978393554688,185.0,143.1597900390625,175.1766815185547,138.34320068359375,417.9515686035156,64.85199737548828,24.798006057739258,477.74249267578125,106.72776794433594
2024-06-07,195.1990966796875,184.3000030517578,143.2974853515625,172.9266357421875,138.9668426513672,417.29193115234375,64.14700317382812,24.60857582092285,467.05340576171875,105.58529663085938
2024-06-10,191.46145629882812,187.05999755859375,143.90345764160156,173.67086791992188,139.01406860351562,421.249755859375,64.44999694824219,24.16944694519043,471.15582275390625,105.89433288574219
2024-06-11,205.37098693847656,187.22999572753906,143.67391967773438,175.26856994628906,138.66444396972656,425.9853210449219,64.8550033569336,24.135007858276367,472.3170166015625,105.04216003417969
2024-06-12,211.24017333984375,186.88999938964844,141.58981323242188,176.4296112060547,137.388916015625,434.23565673828125,65.00599670410156,23.81641960144043,469.3187561035156,103.88095092773438
2024-06-13,212.4001007080078,183.8300018310547,140.32286071777344,173.8197479248047,137.42672729492188,434.7475891113281,65.32599639892578,23.80780601501465,473.34503173828125,103.04750061035156
2024-06-14,210.66510009765625,183.66000366210938,140.074951171875,175.437255859375,137.51177978515625,435.7223205566406,66.93800354003906,23.704484939575195,473.17364501953125,102.17660522460938
2024-06-17,214.80921936035156,184.05999755859375,140.6441650390625,175.88381958007812,137.89915466308594,441.4325866699219,67.58300018310547,23.230907440185547,467.6392517089844,101.4742660522461
2024-06-18,212.4496307373047,182.80999755859375,140.77272033691406,173.75027465820312,137.61569213867188,439.4339599609375,68.56700134277344,23.601154327392578,459.8202209472656,102.429443359375
2024-06-20,207.87925720214844,186.10000610351562,143.81163024902344,174.95103454589844,139.62818908691406,438.8038330078125,67.90299987792969,23.885303497314453,463.1370544433594,104.63948822021484
2024-06-21,205.70806884765625,189.0800018310547,142.56301879882812,178.25552368164062,140.54470825195312,442.8207702636719,68.61199951171875,23.885303497314453,461.2922668457031,103.72174835205078
2024-06-24,206.3524932861328,185.57000732421875,146.26296997070312,177.8486785888672,140.894287109375,440.743408203125,66.9020004272461,24.41914939880371,468.35614013671875,106.80268859863281
2024-06-25,207.2744903564453,186.33999633789062,145.48257446289062,182.6218719482422,139.0707550048828,443.9726257324219,67.24099731445312,24.100563049316406,463.11798095703125,107.10236358642578
2024-06-26,211.41859436035156,193.61000061035156,143.17813110351562,182.4730224609375,138.72117614746094,445.16387939453125,67.76899719238281,23.60976791381836,462.67828369140625,107.13980865478516
2024-06-27,212.2613067626953,197.85000610351562,143.51785278320312,183.99131774902344,137.75741577148438,445.84320068359375,68.43399810791016,23.93696403503418,464.97235107421875,107.59867858886719
2024-06-28,208.81118774414062,193.25,143.60963439941406,180.7562713623047,138.09754943847656,440.0345458984375,67.48799896240234,24.091949462890625,486.7852783203125,107.80470275878906
2024-07-01,214.88853454589844,197.1999969482422,143.70147705078125,181.58982849121094,138.36212158203125,449.6631774902344,67.36100006103516,24.298601150512695,472.8200378417969,107.65486145019531
2024-07-02,218.3782958984375,200.0,143.91261291503906,183.82260131835938,137.9747314453125,452.17376708984375,67.95800018310547,23.962797164916992,476.2515563964844,106.92442321777344
2024-07-03,219.64732360839844,197.58999633789062,143.8759002685547,184.39816284179688,137.6534881591797,453.6406555175781,68.2509994506836,23.850858688354492,468.27008056640625,107.46757507324219
2024-07-05,224.3961944580078,200.0,141.67247009277344,189.1416015625,138.39990234375,460.3256530761719,69.06500244140625,24.1522274017334,466.4730529785156,106.1658935546875
2024-07-08,225.8634796142578,199.2899932861328,141.69082641601562,187.58358764648438,137.45506286621094,459.0260314941406,68.5739974975586,24.048900604248047,467.744384765625,105.051513671875
2024-07-09,226.716064453125,199.33999633789062,140.4513702392578,187.53396606445312,138.9384765625,452.4297180175781,68.5739974975586,23.86808204650879,470.39208984375,103.89031219482422
2024-07-10,230.9791717529297,199.7899932861328,142.42530822753906,189.71713256835938,141.18719482421875,459.0359191894531,67.76499938964844,24.410537719726562,478.8228759765625,104.80804443359375
2024-07-11,225.61563110351562,195.0500030517578,142.54464721679688,184.15008544921875,141.44229125976562,447.6646423339844,65.2750015258789,24.677461624145508,482.1014404296875,106.05352783203125
2024-07-12,228.5601043701172,194.49000549316406,142.84765625,183.65391540527344,141.6123504638672,446.5323791503906,64.76000213623047,24.90133285522461,488.9550476074219,106.07225799560547
2024-07-15,232.386962890625,192.72000122070312,145.0969696044922,185.1027374267578,141.00767517089844,446.93609619140625,65.6449966430664,25.056318283081055,492.6255798339844,107.88897705078125
2024-07-16,232.8033905029297,193.02000427246094,144.84909057617188,182.51271057128906,142.68002319335938,442.5647277832031,65.63200378417969,25.400733947753906,524.647216796875,108.6662368774414
2024-07-17,226.91439819335938,187.92999267578125,148.02572631835938,179.63491821289062,147.9427947998047,436.6575927734375,64.74600219726562,25.857088088989258,547.97998046875,110.16458129882812
2024-07-18,222.25473022460938,183.75,148.70513916015625,176.3303680419922,146.84677124023438,433.5563049316406,64.30400085449219,25.58155059814453,539.4345703125,111.25086212158203
2024-07-19,222.3836212158203,183.1300048828125,146.11607360839844,176.30059814453125,146.1570587158203,430.34674072265625,63.33399963378906,25.8054256439209,540.380859375,108.69432067871094
2024-07-22,222.03665161132812,182.5500030517578,144.13296508789062,180.27992248535156,145.73187255859375,436.0865478515625,64.75,25.486841201782227,533.8809204101562,107.94515991210938
2024-07-23,223.0775909423828,186.41000366210938,141.47047424316406,180.39898681640625,143.9461212158203,437.967041015625,64.2760009765625,25.400733947753906,530.219970703125,106.20336151123047
2024-07-24,216.66314697265625,180.8300018310547,142.3702392578125,171.30906677246094,147.65936279296875,422.2638244628906,63.5989990234375,25.814035415649414,535.0469360351562,107.70169067382812
2024-07-25,215.6221923828125,179.85000610351562,144.637939453125,166.00001525878906,150.833984375,411.9263000488281,63.409000396728516,25.986244201660156,534.9800415039062,109.96791076660156
2024-07-26,216.08815002441406,182.5,144.91336059570312,165.72216796875,151.77880859375,418.68994140625,63.137001037597656,26.8681697845459,544.5770263671875,109.874267578125
2024-07-29,216.36575317382812,183.1999969482422,143.77490234375,168.2327880859375,149.81356811523438,420.12738037109375,62.69599914550781,26.824506759643555,541.7380981445312,108.72242736816406
2024-07-30,216.9209442138672,181.7100067138672,146.50167846679688,168.9869842529297,152.43077087402344,416.3763427734375,62.257999420166016,27.409547805786133,550.8953857421875,110.66088104248047
2024-07-31,220.17276000976562,186.97999572753906,147.3279571533203,170.22743225097656,149.14271545410156,411.8771057128906,62.834999084472656,26.667335510253906,550.7327270507812,111.05418395996094
2024-08-01,216.4847412109375,184.07000732421875,140.120849609375,169.45338439941406,151.89218139648438,410.65618896484375,62.48500061035156,26.763385772705078,547.4923706054688,109.5184097290039
2024-08-02,217.97183227539062,167.89999389648438,136.38418579101562,165.38479614257812,155.08575439453125,402.1695861816406,61.36399841308594,26.571285247802734,563.7996215820312,109.45286560058594
2024-08-05,207.4727783203125,161.02000427246094,132.81277465820312,158.03146362304688,152.35519409179688,389.0360107421875,59.85499954223633,25.968782424926758,544.8064575195312,107.47693634033203
2024-08-06,205.4502716064453,161.92999267578125,131.4998779296875,157.07882690429688,150.20094299316406,393.4270324707031,60.957000732421875,25.60203742980957,543.2674560546875,106.90570831298828
2024-08-07,208.01808166503906,162.77000427246094,130.7470245361328,157.72384643554688,150.13479614257812,392.2652893066406,61.14799880981445,25.191638946533203,541.09765625,108.32911682128906
2024-08-08,211.47808837890625,165.8000030517578,132.65667724609375,160.79019165039062,151.38201904296875,396.4593200683594,63.03499984741211,25.11305046081543,541.2505493164062,110.39867401123047
2024-08-09,214.38290405273438,166.94000244140625,133.11573791503906,162.41766357421875,151.75991821289062,399.73779296875,63.39400100708008,24.929677963256836,534.1006469726562,111.29766845703125
2024-08-12,215.91146850585938,166.8000030517578,133.14329528808594,161.0482177734375,151.0607452392578,400.5155944824219,63.31399917602539,24.842361450195312,540.3424682617188,111.43814086914062
2024-08-13,219.62364196777344,170.22999572753906,132.34449768066406,162.90390014648438,149.65292358398438,407.60418701171875,64.802001953125,25.191638946533203,548.8976440429688,110.37059020996094
2024-08-14,220.0703125,170.10000610351562,132.8219451904297,159.14291381835938,149.73797607421875,410.4100646972656,66.16799926757812,25.21783447265625,554.087890625,111.39131164550781
2024-08-15,223.04795837402344,177.58999633789062,134.77749633789062,160.06578063964844,150.31434631347656,415.2626953125,66.3219985961914,25.06939125061035,554.0306396484375,112.08043670654297
2024-08-16,224.36805725097656,177.05999755859375,135.20901489257812,161.71307373046875,150.59776306152344,412.7377624511719,67.40699768066406,24.711381912231445,552.1856689453125,111.55178833007812
2024-08-19,224.20925903320312,178.22000122070312,136.3137969970703,165.39468383789062,150.82455444335938,415.7558288574219,68.85299682617188,25.14797592163086,553.2373046875,111.89163208007812
2024-08-20,224.8246307373047,178.8800048828125,134.32705688476562,165.90078735351562,151.32530212402344,418.9810485839844,69.85399627685547,25.235300064086914,555.0247192382812,108.1628646850586
2024-08-21,224.7154541015625,180.11000061035156,134.91192626953125,164.58096313476562,152.52523803710938,418.330078125,69.71199798583984,25.34881019592285,552.5584716796875,107.47373962402344
2024-08-22,222.85939025878906,176.1300048828125,135.2925567626953,162.54664611816406,153.39450073242188,409.8577575683594,68.89600372314453,25.13051414489746,553.1798095703125,108.30445098876953
2024-08-23,225.15220642089844,177.0399932861328,137.04718017578125,164.3527374267578,155.0762939453125,411.080810546875,68.6729965209961,25.235300064086914,558.7142333984375,109.8053970336914
2024-08-26,225.4896697998047,175.5,137.86419677734375,164.88861083984375,155.5298309326172,407.8259582519531,68.84400177001953,25.25275993347168,561.2186889648438,112.15596008300781
2024-08-27,226.33335876464844,173.1199951171875,136.4251708984375,163.419921875,155.12997436523438,408.1711730957031,69.5719985961914,25.165441513061523,561.4288940429688,111.08924102783203
2024-08-28,224.8048095703125,170.8000030517578,135.54324340820312,161.6039276123047,156.05343627929688,404.9755859375,68.38400268554688,25.104318618774414,562.5664672851562,109.99420928955078
2024-08-29,228.08023071289062,172.1199951171875,136.86151123046875,160.5421142578125,156.3485565185547,407.4610595703125,69.24800109863281,25.078121185302734,565.462646484375,111.51403045654297
2024-08-30,227.29611206054688,178.5,137.35354614257812,162.12986755371094,157.90032958984375,411.426025390625,70.13500213623047,25.33134651184082,564.153076171875,111.33467864990234
2024-09-03,221.11248779296875,176.25,134.29920959472656,156.1559295654297,159.13795471191406,403.83148193359375,67.53199768066406,24.711381912231445,572.2589111328125,109.00301361083984
2024-09-04,219.20677185058594,173.3300018310547,131.8947296142578,155.2528839111328,159.32835388183594,403.2988586425781,67.96800231933594,24.789968490600586,577.5161743164062,107.6719741821289
2024-09-05,220.72537231445312,177.88999938964844,130.83633422851562,156.036865234375,157.0720977783203,402.79583740234375,68.36199951171875,24.89475440979004,569.209716796875,106.83182525634766
2024-09-06,219.17698669433594,171.38999938964844,128.6361083984375,149.7651824951172,156.4913787841797,396.1974792480469,66.5770034790039,24.938411712646484,570.538330078125,106.3315200805664
2024-09-09,219.2663116455078,175.39999389648438,130.25144958496094,147.76792907714844,158.6143341064453,400.16241455078125,67.54199981689453,25.680625915527344,567.8810424804688,108.56877136230469
2024-09-10,218.47227478027344,179.5500030517578,128.3297119140625,147.71826171875,159.34739685058594,408.5262451171875,67.36199951171875,25.968782424926758,572.593505859375,104.61343383789062
2024-09-11,221.00328063964844,184.52000427246094,128.0048065185547,150.20242309570312,156.91024780273438,417.24517822265625,68.14700317382812,25.8989200592041,563.7230224609375,103.57504272460938
2024-09-12,221.11248779296875,187.0,129.23956298828125,153.71006774902344,156.7388916015625,421.15093994140625,68.68000030517578,25.462329864501953,562.45166015625,105.00048828125
2024-09-13,220.84449768066406,186.49000549316406,130.5392608642578,156.46250915527344,157.57667541503906,424.6917419433594,69.70600128173828,25.558380126953125,568.0913696289062,104.92497253417969
2024-09-16,214.71047973632812,184.88999938964844,131.9132843017578,157.05870056152344,158.9761199951172,425.4314880371094,69.6500015258789,26.256933212280273,565.1369018554688,106.39759063720703
2024-09-17,215.1769561767578,186.8800048828125,133.13873291015625,158.3107452392578,159.05227661132812,429.18927001953125,70.69100189208984,26.0473690032959,554.412353515625,107.7852554321289
2024-09-18,219.0479736328125,186.42999267578125,133.64935302734375,158.79762268066406,158.17642211914062,424.90869140625,69.0469970703125,25.977510452270508,556.9927978515625,108.1628646850586
2024-09-19,227.16709899902344,189.8699951171875,134.60557556152344,161.11285400390625,156.91024780273438,432.6807861328125,70.43199920654297,25.8989200592041,553.5586547851562,109.50332641601562
2024-09-20,226.50205993652344,191.60000610351562,135.2461395263672,162.55368041992188,156.28192138671875,429.3076477050781,70.10299682617188,25.68935775756836,551.5728759765625,108.814208984375
2024-09-23,224.7849578857422,193.8800048828125,136.97293090820312,160.82472229003906,155.3870391845703,427.5717468261719,70.53700256347656,25.593307495117188,550.0477294921875,110.78715515136719
2024-09-24,225.67823791503906,193.9600067138672,136.88938903808594,161.2619171142578,154.9681396484375,423.291259765625,72.22599792480469,25.759214401245117,551.7553100585938,110.4945297241211
2024-09-25,224.68568420410156,192.52999877929688,133.6586151123047,160.46697998046875,152.89279174804688,426.19091796875,72.15599822998047,25.26149559020996,552.8295288085938,108.34221649169922
2024-09-26,225.8271484375,191.16000366210938,131.82041931152344,161.69912719726562,153.64483642578125,425.40185546875,71.14299774169922,25.29642105102539,551.390625,106.48255157470703
2024-09-27,226.09512329101562,187.97000122070312,135.06976318359375,162.91140747070312,153.6543731689453,422.1569519042969,70.73500061035156,25.40120506286621,558.143798828125,109.33341217041016
2024-09-30,231.26637268066406,186.3300018310547,136.72227478027344,164.7993621826172,154.28269958496094,424.40570068359375,70.927001953125,25.270225524902344,560.8585815429688,110.6550064086914
2024-10-01,224.52687072753906,185.1300048828125,138.97821044921875,165.93212890625,154.216064453125,414.9273681640625,70.61299896240234,25.03446388244629,559.5347290039062,113.21322631835938
2024-10-02,225.09263610839844,184.75999450683594,140.138671875,164.8092803955078,153.4354248046875,411.4161071777344,71.10900115966797,24.982070922851562,568.1776123046875,114.71417236328125
2024-10-03,223.99087524414062,181.9600067138672,140.41722106933594,164.8092803955078,152.79757690429688,410.834228515625,70.68000030517578,24.746307373046875,568.5997314453125,115.71481323242188
2024-10-04,225.1124725341797,186.50999450683594,139.94374084472656,166.00169372558594,152.59764099121094,410.36077880859375,71.97000122070312,24.955875396728516,567.1129760742188,117.83880615234375
2024-10-07,220.04052734375,180.8000030517578,140.29652404785156,161.94754028320312,151.87411499023438,403.9300842285156,70.19200134277344,25.497255325317383,559.7841186523438,118.34855651855469
2024-10-08,224.0901641845703,182.72000122070312,138.0962677001953,163.33868408203125,152.0264434814453,409.02923583984375,72.1760025024414,25.47979164123535,557.8848876953125,115.2050552368164
2024-10-09,227.83209228515625,185.1699981689453,138.9318084716797,160.83462524414062,152.94036865234375,411.7416076660156,72.74299621582031,26.361719131469727,567.132080078125,115.25224304199219
2024-10-10,227.3358154296875,186.64999389648438,139.83233642578125,161.05325317382812,152.8070831298828,410.143798828125,73.02899932861328,25.619504928588867,573.3480834960938,116.24343872070312
2024-10-11,225.85691833496094,188.82000732421875,140.57504272460938,162.2058868408203,153.7115020751953,410.61724853515625,72.27899932861328,25.462329864501953,573.6837768554688,116.6871337890625
2024-10-14,229.5790252685547,187.5399932861328,140.9092559814453,163.9149932861328,153.84478759765625,413.3985900878906,71.30000305175781,25.392473220825195,580.734375,117.13080596923828
2024-10-15,232.1100311279297,187.69000244140625,137.14932250976562,164.41183471679688,156.22482299804688,413.0040588378906,70.5979995727539,25.70682144165039,533.6251831054688,113.60970306396484
2024-10-16,230.055419921875,186.88999938964844,138.0776824951172,164.11373901367188,156.39614868164062,410.4199523925781,70.19999694824219,25.907655715942383,548.0620727539062,113.90233612060547
2024-10-17,230.4226837158203,187.52999877929688,140.37078857421875,161.89785766601562,156.57705688476562,411.01171875,68.76499938964844,25.558380126953125,542.9684448242188,113.60970306396484
2024-10-18,233.25146484375,188.99000549316406,139.95301818847656,162.38473510742188,157.1958465576172,412.4320068359375,76.38899993896484,25.514719009399414,546.4025268554688,113.28874969482422
2024-10-21,234.72044372558594,189.07000732421875,140.07371520996094,163.03065490722656,155.0157470703125,413.04351806640625,77.20700073242188,25.26149559020996,548.186767578125,113.35482788085938
2024-10-22,234.10508728027344,189.6999969482422,140.11083984375,164.09385681152344,155.6060028076172,421.6539306640625,76.42400360107422,25.182905197143555,546.642333984375,113.94010925292969
2024-10-23,229.0430145263672,184.7100067138672,139.70236206054688,161.74880981445312,157.90032958984375,418.7838134765625,74.92900085449219,25.20037078857422,541.635009765625,113.5341796875
2024-10-24,228.8544464111328,186.3800048828125,139.6745147705078,161.68917846679688,155.81544494628906,418.9119873046875,75.45500183105469,25.00826644897461,537.9610595703125,112.89226531982422
2024-10-25,229.68820190429688,187.8300018310547,140.0087432861328,164.22305297851562,153.1593475341797,422.28515625,75.46800231933594,24.842361450195312,541.5582275390625,112.79786682128906
2024-10-28,231.6634063720703,188.38999938964844,139.758056640625,165.66383361816406,153.84478759765625,420.74652099609375,74.91200256347656,25.20037078857422,542.2105712890625,112.24090576171875
2024-10-29,231.93138122558594,190.8300018310547,137.8827362060547,168.60508728027344,152.4072265625,426.0331115722656,75.94400024414062,24.851093292236328,539.2272338867188,110.71163940429688
2024-10-30,228.38795471191406,192.72999572753906,137.44639587402344,173.3548126220703,152.9022979736328,426.605224609375,75.3740005493164,24.903484344482422,540.0236206054688,110.1546859741211
2024-10-31,224.2291259765625,186.39999389648438,138.16127014160156,170.02603149414062,152.18829345703125,400.7837829589844,75.60299682617188,24.711381912231445,541.500732421875,110.2396469116211
2024-11-01,221.25143432617188,197.92999267578125,142.10687255859375,170.20489501953125,152.44532775878906,404.74871826171875,75.61000061035156,24.528011322021484,544.4360961914062,108.51213836669922
2024-11-04,220.3581085205078,195.77999877929688,142.9424285888672,168.16790771484375,150.64602661132812,402.8648986816406,75.5510025024414,24.239856719970703,535.044921875,111.96715545654297
2024-11-05,221.7874298095703,199.5,142.42251586914062,168.66473388671875,150.75074768066406,405.82379150390625,76.39099884033203,24.440690994262695,543.9276733398438,112.29755401611328
2024-11-06,221.0628662109375,207.08999633789062,146.42381286621094,175.391845703125,150.30332946777344,414.42437744140625,78.02100372314453,23.890579223632812,572.3792114257812,114.22329711914062
2024-11-07,225.78744506835938,210.0500030517578,145.5418701171875,179.60498046875,149.20846557617188,419.6024169921875,79.65399932861328,23.97789764404297,580.7824096679688,114.36490631103516
2024-11-08,225.51914978027344,208.17999267578125,145.69041442871094,177.22019958496094,148.0089569091797,416.7520446777344,79.50399780273438,23.694135665893555,590.72021484375,114.32714080810547
2024-11-11,222.80648803710938,206.83999633789062,145.2911834716797,179.20751953125,147.59959411621094,412.28411865234375,80.54399871826172,23.268491744995117,599.775634765625,113.72297668457031
2024-11-12,222.80648803710938,208.91000366210938,144.1678466796875,180.46945190429688,145.3147735595703,417.2352600097656,81.94999694824219,23.22415542602539,589.6267700195312,113.60970306396484
2024-11-13,223.69082641601562,214.10000610351562,147.35218811035156,177.746826171875,145.885986328125,419.3755798339844,83.0469970703125,23.694135665893555,581.1851806640625,114.66698455810547
2024-11-14,226.77114868164062,211.47999572753906,150.21160888671875,174.46771240234375,144.58172607421875,421.0424499511719,83.72599792480469,23.073408126831055,568.9833984375,114.74311828613281
2024-11-15,223.57159423828125,202.61000061035156,149.85882568359375,171.3972930908203,146.60952758789062,409.3153076171875,82.39600372314453,21.99156379699707,568.1008911132812,113.55343627929688
2024-11-18,226.57240295410156,201.6999969482422,150.7685546875,174.18948364257812,147.34254455566406,410.0649108886719,84.70500183105469,22.044767379760742,565.6260986328125,114.50518798828125
2024-11-19,226.8307647705078,204.61000061035156,149.68063354492188,176.9916229248047,145.65748596191406,412.06707763671875,87.13200378417969,22.257591247558594,553.491455078125,112.9062271118164
2024-11-20,227.54617309570312,202.8800048828125,151.30311584472656,174.8651885986328,145.76222229003906,409.798583984375,88.38500213623047,22.11570930480957,576.0340576171875,114.51470184326172
2024-11-21,227.06924438476562,198.3800048828125,151.58447265625,166.56809997558594,148.03750610351562,408.0295715332031,89.74800109863281,22.284191131591797,573.1466674804688,116.0470199584961
2024-11-22,228.41065979003906,197.1199951171875,152.26910400390625,163.71624755859375,147.7233428955078,412.11114501953125,89.77899932861328,22.74530601501465,566.7963256835938,115.91377258300781
2024-11-25,231.39161682128906,201.4499969482422,150.3933868408203,166.58795166015625,148.3040771484375,413.8801574707031,86.55899810791016,23.206422805786133,581.1468505859375,114.18158721923828
2024-11-26,233.5677032470703,207.86000061035156,152.42852783203125,168.0486297607422,148.2848663330078,422.9722900390625,87.26000213623047,22.85171890258789,582.0677490234375,112.27808380126953
2024-11-27,233.43853759765625,205.74000549316406,152.03463745117188,168.15792846679688,149.12936401367188,418.0308837890625,87.73400115966797,22.90492057800293,583.593017578125,111.98304748535156
2024-11-29,235.8233184814453,207.88999938964844,151.86581420898438,167.8797149658203,148.75511169433594,418.4953918457031,88.68099975585938,23.24188995361328,585.3388061523438,112.2685775756836
2024-12-02,238.06895446777344,210.7100067138672,152.12843322753906,170.4036407470703,148.5535888671875,425.9272766113281,89.77400207519531,22.896055221557617,583.727294921875,112.16387176513672
2024-12-03,241.1095428466797,213.44000244140625,151.85643005371094,170.25457763671875,146.21206665039062,426.1446838378906,90.21700286865234,22.665496826171875,580.5712890625,111.99256896972656
2024-12-04,241.46725463867188,218.16000366210938,148.48019409179688,173.265380859375,144.3983154296875,432.29180908203125,91.10600280761719,22.37286949157715,585.90478515625,108.76612854003906
2024-12-05,241.49705505371094,220.5500030517578,149.42739868164062,171.5463409423828,143.4866485595703,437.4308166503906,91.78700256347656,22.78964614868164,555.381103515625,109.24198150634766
2024-12-06,241.29832458496094,227.02999877929688,145.59161376953125,173.60324096679688,143.28514099121094,438.3696594238281,93.4739990234375,22.816246032714844,527.22705078125,108.09038543701172
2024-12-09,245.1835174560547,226.08999633789062,147.31723022460938,174.45875549316406,143.56341552734375,440.7909240722656,91.36900329589844,23.144346237182617,539.8414916992188,107.45270538330078
2024-12-10,246.197021484375,225.0399932861328,147.24220275878906,184.2078399658203,143.20834350585938,438.1324768066406,91.33499908447266,22.674365997314453,544.2421264648438,107.23379516601562
2024-12-11,244.92514038085938,230.25999450683594,146.50131225585938,194.3846893310547,140.72286987304688,443.72613525390625,93.65599822998047,22.37286949157715,513.755615234375,106.51998901367188
2024-12-12,246.38583374023438,228.97000122070312,145.0945587158203,190.9625701904297,140.33901977539062,444.2893981933594,92.55500030517578,22.49701499938965,496.6441650390625,106.42481994628906
2024-12-13,246.5547637939453,227.4600067138672,144.30673217773438,188.83367919921875,140.7036590576172,442.0262451171875,91.88700103759766,22.6832332611084,501.18914794921875,105.4920883178711
2024-12-16,249.4462890625,232.92999267578125,140.07705688476562,195.6381378173828,138.04544067382812,446.2956237792969,92.10800170898438,22.390602111816406,480.0238342285156,103.2364501953125
2024-12-17,251.87078857421875,231.14999389648438,138.90475463867188,194.40457153320312,140.50213623046875,449.1319885253906,91.91300201416016,23.436975479125977,467.52490234375,102.79865264892578
2024-12-18,246.4752655029297,220.52000427246094,135.12522888183594,187.42105102539062,138.90914916992188,432.2621154785156,88.95500183105469,22.958127975463867,481.1985778808594,101.28536224365234
2024-12-19,248.20420837402344,223.2899932861328,132.37730407714844,187.5304718017578,137.7863311767578,431.90631103515625,90.2040023803711,22.85171890258789,471.11669921875,100.41925811767578
2024-12-20,252.8743896484375,224.9199981689453,133.9716796875,190.41542053222656,138.64041137695312,431.48138427734375,90.90499877929688,23.374902725219727,481.59344482421875,100.76189422607422
2024-12-23,253.64942932128906,225.05999755859375,134.08421325683594,193.6186981201172,139.4081268310547,430.1471862792969,91.1449966430664,23.68526840209961,487.5732727050781,101.171142578125
2024-12-24,256.56085205078125,229.0500030517578,134.900146484375,195.09100341796875,139.96473693847656,434.1793518066406,93.21199798583984,23.71187400817871,487.3421936035156,101.26631927490234
2024-12-26,257.3755798339844,227.0500030517578,135.03143310546875,194.5836639404297,139.7056121826172,432.9736633300781,92.41400146484375,23.552255630493164,492.2049865722656,101.35198974609375
2024-12-27,253.96739196777344,223.75,135.05020141601562,191.75839233398438,139.19703674316406,425.4825134277344,90.75499725341797,23.60546112060547,491.0880432128906,101.34246826171875
2024-12-30,250.59890747070312,221.3000030517578,134.17800903320312,190.24632263183594,137.55601501464844,419.8493347167969,90.04299926757812,23.42810821533203,488.9791564941406,100.6572036743164
